lat,lon,acq_date,evi,air_temp_encoded,wind,humidity,elevation,kbdi,fire,source
39.62031,-119.26295,2026-06-03,0.055,15182.499999999998,0.0,6.0,1260.522949219,88.96296533685714,1,firms_viirs
40.82293,-114.25724,2026-06-03,0.007,15042.499999999998,0.0,13.0,1697.126098633,174.90556374017075,1,firms_viirs
32.62319,-115.51809,2026-06-03,0.061500000000000006,15597.5,0.0,12.0,2.966754436,256.62888526458164,1,firms_viirs
33.79446,-117.47292,2026-06-03,0.1341,15117.499999999998,0.0,30.0,372.642791748,199.05682517441866,1,firms_viirs
33.7952,-117.47719,2026-06-03,0.1633,15112.5,0.0,30.0,377.0,199.05682517441866,1,firms_viirs
33.8768,-116.99879,2026-06-03,0.1115,15162.5,0.0,24.0,704.0,199.9690727406502,1,firms_viirs
34.1416,-117.42876,2026-06-03,0.0983,15092.499999999998,0.0,34.0,507.990783691,199.05682517441866,1,firms_viirs
34.15195,-118.1944,2026-06-03,0.30010000000000003,14822.5,0.0,48.0,404.0831604,175.41437568527715,1,firms_viirs
34.15526,-118.19365,2026-06-03,0.1676,14822.5,0.0,48.0,444.083343506,175.41437568527715,1,firms_viirs
34.24441,-118.38044,2026-06-03,0.0995,14947.5,0.0,40.0,273.603515625,175.41437568527715,1,firms_viirs
34.29192,-118.80079,2026-06-03,0.1323,14912.5,0.0,46.0,268.71282959,208.62508671862068,1,firms_viirs
34.33471,-118.5211,2026-06-03,0.457,14952.499999999998,0.0,40.0,581.314941406,208.62508671862068,1,firms_viirs
34.35451,-116.85243,2026-06-03,0.0371,15187.5,0.0,10.0,1315.406616211,203.200468152188,1,firms_viirs
34.42972,-118.64627,2026-06-03,0.15960000000000002,15172.5,0.0,29.0,345.79977417,208.62508671862068,1,firms_viirs
34.56679,-118.15378,2026-06-03,0.16340000000000002,15352.499999999998,0.0,11.0,882.0,210.02695563643408,1,firms_viirs
36.26221,-120.19181,2026-06-03,0.2736,15277.499999999998,0.0,11.0,115.828117371,246.7792372430446,0,sampled_nofire
33.83576,-114.32248,2026-06-03,0.1019,15587.5,0.0,8.0,266.565734863,273.57249755714236,0,sampled_nofire
37.26445,-119.63437,2026-06-03,0.36910000000000004,14882.499999999998,0.0,34.0,1146.0,14.872949876371813,0,sampled_nofire
35.38816,-122.19273,2026-06-03,0.04754749888200746,14387.5,0.0,82.0,0.0,106.98471340574834,0,sampled_nofire
39.1324,-114.28683,2026-06-03,0.0942,14987.5,0.0,11.0,2080.843994141,164.20931203009437,0,sampled_nofire
34.75659,-115.84725,2026-06-03,0.0821,15382.499999999998,0.0,7.0,816.931152344,226.7958761749367,0,sampled_nofire
41.59922,-119.2383,2026-06-03,0.1628,14817.499999999998,0.0,19.0,1908.0,81.31355664628248,0,sampled_nofire
37.19809,-114.31385,2026-06-03,0.11,15282.499999999998,0.0,10.0,1254.632080078,223.57368471792813,0,sampled_nofire
37.37952,-114.51858,2026-06-03,0.1255,15222.5,0.0,10.0,1406.576660156,190.381950757709,0,sampled_nofire
36.63739,-116.8559,2026-06-03,0.0526,15432.499999999998,0.0,8.0,778.134033203,221.29697806445225,0,sampled_nofire
37.11663,-116.65337,2026-06-03,0.0825,15267.499999999998,0.0,9.0,1369.168945312,194.00131202605792,0,sampled_nofire
39.55268,-117.61943,2026-06-03,0.0999,15062.5,0.0,12.0,1653.631958008,82.04725784889284,0,sampled_nofire
36.5401,-119.13775,2026-06-03,0.1401,15097.5,0.0,30.0,362.663330078,205.22992322824763,0,sampled_nofire
39.62031,-119.26295,2026-06-03,0.055,15217.499999999998,0.0,7.0,1260.522949219,88.96296533685714,1,firms_viirs
40.82293,-114.25724,2026-06-03,0.007,15077.499999999998,0.0,10.0,1697.126098633,174.90556374017075,1,firms_viirs
32.62319,-115.51809,2026-06-03,0.061500000000000006,15642.499999999998,0.0,12.0,2.966754436,256.62888526458164,1,firms_viirs
33.79446,-117.47292,2026-06-03,0.1341,15177.499999999998,0.0,32.0,372.642791748,199.05682517441866,1,firms_viirs
33.7952,-117.47719,2026-06-03,0.1633,15177.499999999998,0.0,32.0,377.0,199.05682517441866,1,firms_viirs
33.8768,-116.99879,2026-06-03,0.1115,15257.499999999998,0.0,22.0,704.0,199.9690727406502,1,firms_viirs
34.1416,-117.42876,2026-06-03,0.0983,15167.499999999998,0.0,33.0,507.990783691,199.05682517441866,1,firms_viirs
34.15195,-118.1944,2026-06-03,0.30010000000000003,14912.5,0.0,48.0,404.0831604,175.41437568527715,1,firms_viirs
34.15526,-118.19365,2026-06-03,0.1676,14912.5,0.0,48.0,444.083343506,175.41437568527715,1,firms_viirs
34.24441,-118.38044,2026-06-03,0.0995,15012.5,0.0,44.0,273.603515625,175.41437568527715,1,firms_viirs
34.29192,-118.80079,2026-06-03,0.1323,14922.5,0.0,50.0,268.71282959,208.62508671862068,1,firms_viirs
34.33471,-118.5211,2026-06-03,0.457,15017.499999999998,0.0,41.0,581.314941406,208.62508671862068,1,firms_viirs
34.35451,-116.85243,2026-06-03,0.0371,15217.499999999998,0.0,9.0,1315.406616211,203.200468152188,1,firms_viirs
34.42972,-118.64627,2026-06-03,0.15960000000000002,15197.5,0.0,32.0,345.79977417,208.62508671862068,1,firms_viirs
34.56679,-118.15378,2026-06-03,0.16340000000000002,15372.5,0.0,12.0,882.0,210.02695563643408,1,firms_viirs
36.26221,-120.19181,2026-06-03,0.2736,15352.499999999998,0.0,12.0,115.828117371,246.7792372430446,0,sampled_nofire
33.83576,-114.32248,2026-06-03,0.1019,15627.499999999998,0.0,7.0,266.565734863,273.57249755714236,0,sampled_nofire
37.26445,-119.63437,2026-06-03,0.36910000000000004,14927.499999999998,0.0,33.0,1146.0,14.872949876371813,0,sampled_nofire
35.38816,-122.19273,2026-06-03,0.04754749888200746,14397.5,0.0,83.0,0.0,106.98471340574834,0,sampled_nofire
39.1324,-114.28683,2026-06-03,0.0942,15017.499999999998,0.0,12.0,2080.843994141,164.20931203009437,0,sampled_nofire
34.75659,-115.84725,2026-06-03,0.0821,15407.499999999998,0.0,6.0,816.931152344,226.7958761749367,0,sampled_nofire
41.59922,-119.2383,2026-06-03,0.1628,14827.499999999998,0.0,21.0,1908.0,81.31355664628248,0,sampled_nofire
37.19809,-114.31385,2026-06-03,0.11,15312.5,0.0,9.0,1254.632080078,223.57368471792813,0,sampled_nofire
37.37952,-114.51858,2026-06-03,0.1255,15267.499999999998,0.0,10.0,1406.576660156,190.381950757709,0,sampled_nofire
36.63739,-116.8559,2026-06-03,0.0526,15477.499999999998,0.0,8.0,778.134033203,221.29697806445225,0,sampled_nofire
37.11663,-116.65337,2026-06-03,0.0825,15277.499999999998,0.0,9.0,1369.168945312,194.00131202605792,0,sampled_nofire
39.55268,-117.61943,2026-06-03,0.0999,15087.5,0.0,12.0,1653.631958008,82.04725784889284,0,sampled_nofire
36.5401,-119.13775,2026-06-03,0.1401,15157.499999999998,0.0,29.0,362.663330078,205.22992322824763,0,sampled_nofire
35.08252,-120.01859,2026-06-03,0.23270000000000002,15397.5,0.0,17.0,424.0,212.7414150877455,0,sampled_nofire
40.82031,-114.25562,2026-06-05,0.0368,14402.499999999998,0.0,35.0,1697.126098633,177.31248415348202,1,firms_viirs
40.82443,-114.25521,2026-06-05,0.0492,14407.499999999998,0.0,31.0,1697.126098633,177.31248415348202,1,firms_viirs
36.35682,-114.91142,2026-06-05,0.0666,14992.499999999998,0.0,13.0,710.588867188,228.81697332522717,1,firms_viirs
38.17615,-119.98161,2026-06-05,0.26980000000000004,14382.499999999998,0.0,13.0,1870.593017578,59.10046632615659,1,firms_viirs
38.17702,-119.98301,2026-06-05,0.26580000000000004,14392.499999999998,0.0,13.0,1870.593017578,59.10046632615659,1,firms_viirs
39.621,-119.26328,2026-06-05,0.055,14382.499999999998,0.0,33.0,1260.522949219,116.23656958069719,1,firms_viirs
33.79254,-117.47511,2026-06-05,0.1071,14327.499999999998,0.0,98.0,372.839477539,202.62723871997085,1,firms_viirs
34.14349,-117.42766,2026-06-05,0.0869,14357.499999999998,0.0,96.0,507.990783691,202.62723871997085,1,firms_viirs
34.60656,-117.33791,2026-06-05,0.0468,14652.499999999998,0.0,26.0,833.0,214.03150353876774,1,firms_viirs
34.60996,-117.3381,2026-06-05,0.0472,14652.499999999998,0.0,26.0,833.0,214.03150353876774,1,firms_viirs
34.62106,-117.10014,2026-06-05,0.055400000000000005,14677.499999999998,0.0,20.0,1100.735595703,207.88294814762094,1,firms_viirs
36.10826,-119.32288,2026-06-05,0.262,14572.5,0.0,60.0,77.345848083,261.0651945373232,1,firms_viirs
36.41088,-119.34734,2026-06-05,0.1409,14587.5,0.0,69.0,91.738746643,219.10315595482157,1,firms_viirs
36.41116,-119.35112,2026-06-05,0.1583,14587.5,0.0,69.0,91.738746643,219.10315595482157,1,firms_viirs
32.35216,-116.59268,2026-06-05,0.10490000000000001,14342.499999999998,0.0,92.0,362.44140625,149.164430090234,1,firms_viirs
36.26221,-120.19181,2026-06-05,0.2736,14592.499999999998,0.0,47.0,115.828117371,254.29908212269822,0,sampled_nofire
33.83576,-114.32248,2026-06-05,0.1019,14962.5,0.0,16.0,266.565734863,279.65293640070416,0,sampled_nofire
37.26445,-119.63437,2026-06-05,0.36910000000000004,14587.5,0.0,39.0,1146.0,46.64163337165838,0,sampled_nofire
35.38816,-122.19273,2026-06-05,0.04754749888200746,14342.499999999998,0.0,88.0,0.0,106.97660916961847,0,sampled_nofire
39.1324,-114.28683,2026-06-05,0.0942,14407.499999999998,0.0,18.0,2080.843994141,168.0899113993546,0,sampled_nofire
34.75659,-115.84725,2026-06-05,0.0821,14787.5,0.0,18.0,816.931152344,231.76021030002784,0,sampled_nofire
40.82013,-114.25762,2026-06-06,0.046400000000000004,14702.499999999998,0.0,14.0,1697.126098633,181.51045255007668,1,firms_viirs
37.38922,-120.21478,2026-06-06,0.1645,14637.5,0.0,45.0,170.326873779,187.96645436208414,1,firms_viirs
37.39142,-120.20708,2026-06-06,0.1825,14647.5,0.0,45.0,170.326873779,187.96645436208414,1,firms_viirs
37.39608,-120.20676,2026-06-06,0.17420000000000002,14637.5,0.0,45.0,177.647079468,187.96645436208414,1,firms_viirs
37.39822,-120.19828,2026-06-06,0.1408,14642.499999999998,0.0,45.0,165.392242432,187.96645436208414,1,firms_viirs
33.79398,-117.4761,2026-06-06,0.1071,14367.499999999998,0.0,91.0,372.839477539,202.62723871997085,1,firms_viirs
34.60701,-117.33657,2026-06-06,0.0451,14612.5,0.0,34.0,833.0,227.01483632626187,1,firms_viirs
35.55222,-119.81843,2026-06-06,0.1524,14812.5,0.0,27.0,215.993942261,249.95381389643848,1,firms_viirs
35.66859,-119.35236,2026-06-06,0.3749,14712.5,0.0,36.0,87.210472107,261.96257051762996,1,firms_viirs
36.35478,-114.91322,2026-06-06,0.0811,15022.5,0.0,15.0,731.003601074,241.2808125145293,1,firms_viirs
36.36004,-114.91277,2026-06-06,0.055200000000000006,15037.5,0.0,15.0,710.588867188,241.2808125145293,1,firms_viirs
32.49816,-114.97954,2026-06-06,0.14830000000000002,14837.5,0.0,49.0,19.884401321,301.65877032161126,1,firms_viirs
32.56714,-115.52228,2026-06-06,0.1433,14852.499999999998,0.0,66.0,5.005652428,277.670469073639,1,firms_viirs
32.61163,-115.48721,2026-06-06,0.0621,14882.499999999998,0.0,59.0,8.9997015,277.670469073639,1,firms_viirs
36.26221,-120.19181,2026-06-06,0.2736,14717.499999999998,0.0,32.0,115.828117371,272.4517642761991,0,sampled_nofire
33.83576,-114.32248,2026-06-06,0.1019,15017.499999999998,0.0,14.0,266.565734863,296.3000829717743,0,sampled_nofire
37.26445,-119.63437,2026-06-06,0.36910000000000004,14587.5,0.0,41.0,1146.0,95.77153871609083,0,sampled_nofire
35.38816,-122.19273,2026-06-06,0.04754749888200746,14347.5,0.0,86.0,0.0,109.25638000817936,0,sampled_nofire
39.1324,-114.28683,2026-06-06,0.0942,14602.499999999998,0.0,12.0,2080.843994141,161.45890479190962,0,sampled_nofire
36.35478,-114.91322,2026-06-06,0.0811,14997.5,0.0,16.0,731.003601074,241.2808125145293,1,firms_viirs
36.36004,-114.91277,2026-06-06,0.055200000000000006,15012.5,0.0,16.0,710.588867188,241.2820012704489,1,firms_viirs
37.38922,-120.21478,2026-06-06,0.1645,14542.499999999998,0.0,38.0,170.326873779,187.96645436208414,1,firms_viirs
37.39142,-120.20708,2026-06-06,0.1825,14547.5,0.0,38.0,170.326873779,187.96645436208414,1,firms_viirs
37.39608,-120.20676,2026-06-06,0.17420000000000002,14537.5,0.0,38.0,177.647079468,187.96645436208414,1,firms_viirs
37.39822,-120.19828,2026-06-06,0.1408,14542.499999999998,0.0,38.0,165.392242432,187.96645436208414,1,firms_viirs
40.82013,-114.25762,2026-06-06,0.046400000000000004,14707.499999999998,0.0,17.0,1697.126098633,181.50944072765577,1,firms_viirs
32.49816,-114.97954,2026-06-06,0.14830000000000002,14757.499999999998,0.0,66.0,19.884401321,301.65877032161126,1,firms_viirs
32.56714,-115.52228,2026-06-06,0.1433,14772.5,0.0,74.0,5.005652428,277.670469073639,1,firms_viirs
32.61163,-115.48721,2026-06-06,0.0621,14802.499999999998,0.0,70.0,8.9997015,277.670469073639,1,firms_viirs
33.79398,-117.4761,2026-06-06,0.1071,14317.499999999998,0.0,87.0,372.839477539,216.10842771681223,1,firms_viirs
34.60701,-117.33657,2026-06-06,0.0451,14612.5,0.0,28.0,833.0,227.01420860869533,1,firms_viirs
35.55222,-119.81843,2026-06-06,0.1524,14642.499999999998,0.0,35.0,215.993942261,249.95381389643848,1,firms_viirs
35.66859,-119.35236,2026-06-06,0.3749,14622.5,0.0,41.0,87.210472107,261.96257051762996,1,firms_viirs
34.60703,-117.33788,2026-06-06,0.0468,14607.499999999998,0.0,28.0,833.0,227.01483632626187,1,firms_viirs
36.26221,-120.19181,2026-06-06,0.2736,14512.5,0.0,48.0,115.828117371,272.4533482113064,0,sampled_nofire
33.83576,-114.32248,2026-06-06,0.1019,14952.499999999998,0.0,18.0,266.565734863,296.30160975823844,0,sampled_nofire
37.26445,-119.63437,2026-06-06,0.36910000000000004,14522.5,0.0,41.0,1146.0,95.77238647666998,0,sampled_nofire
35.38816,-122.19273,2026-06-06,0.04754749888200746,14352.499999999998,0.0,85.0,0.0,109.25626650808717,0,sampled_nofire
39.1324,-114.28683,2026-06-06,0.0942,14627.499999999998,0.0,14.0,2080.843994141,161.460156350877,0,sampled_nofire
34.75659,-115.84725,2026-06-06,0.0821,14847.5,0.0,19.0,816.931152344,245.03416092224785,0,sampled_nofire
41.59922,-119.2383,2026-06-06,0.1628,14102.499999999998,0.0,51.0,1908.0,87.76307967381099,0,sampled_nofire
37.19809,-114.31385,2026-06-06,0.11,14687.5,0.0,18.0,1254.632080078,241.48908666208143,0,sampled_nofire
37.37952,-114.51858,2026-06-06,0.1255,14757.499999999998,0.0,17.0,1406.576660156,204.10556890474462,0,sampled_nofire
36.63739,-116.8559,2026-06-06,0.0526,14947.5,0.0,16.0,778.134033203,239.3438980660031,0,sampled_nofire
37.11663,-116.65337,2026-06-06,0.0825,14552.499999999998,0.0,23.0,1369.168945312,208.91644565441166,0,sampled_nofire
36.35942,-114.9168,2026-06-07,0.08320000000000001,14932.499999999998,0.0,16.0,748.706604004,247.32909540997198,1,firms_viirs
36.26221,-120.19181,2026-06-07,0.2736,14402.499999999998,0.0,34.0,115.828117371,278.4979907034789,0,sampled_nofire
33.83576,-114.32248,2026-06-07,0.1019,14987.5,0.0,20.0,266.565734863,303.7583536289129,0,sampled_nofire
37.26445,-119.63437,2026-06-07,0.36910000000000004,14367.499999999998,0.0,32.0,1146.0,100.53166024945278,0,sampled_nofire
35.38816,-122.19273,2026-06-07,0.04754749888200746,14332.499999999998,0.0,81.0,0.0,109.23363535466724,0,sampled_nofire
39.1324,-114.28683,2026-06-07,0.0942,14372.5,0.0,19.0,2080.843994141,165.76465334642634,0,sampled_nofire
34.75659,-115.84725,2026-06-07,0.0821,14767.499999999998,0.0,22.0,816.931152344,251.22486039207595,0,sampled_nofire
41.59922,-119.2383,2026-06-07,0.1628,13762.5,0.0,63.0,1908.0,89.66462835385566,0,sampled_nofire
37.19809,-114.31385,2026-06-07,0.11,14657.499999999998,0.0,33.0,1254.632080078,247.16835797159672,0,sampled_nofire
37.37952,-114.51858,2026-06-07,0.1255,14697.5,0.0,32.0,1406.576660156,208.58346210059486,0,sampled_nofire
36.63739,-116.8559,2026-06-07,0.0526,15037.5,0.0,13.0,778.134033203,245.0140498669797,0,sampled_nofire
40.82321,-114.25295,2026-06-08,0.0492,14117.499999999998,0.0,15.0,1658.148681641,188.06287224267913,1,firms_viirs
36.26221,-120.19181,2026-06-08,0.2736,14342.499999999998,0.0,59.0,115.828117371,284.72804274260534,0,sampled_nofire
33.83576,-114.32248,2026-06-08,0.1019,14782.499999999998,0.0,25.0,266.565734863,309.79234532302644,0,sampled_nofire
37.26445,-119.63437,2026-06-08,0.36910000000000004,14312.5,0.0,33.0,1146.0,103.47683884572031,0,sampled_nofire
35.38816,-122.19273,2026-06-08,0.04754749888200746,14327.499999999998,0.0,81.0,0.0,109.17857693609987,0,sampled_nofire
39.1324,-114.28683,2026-06-08,0.0942,14027.499999999998,0.0,28.0,2080.843994141,170.12426367189286,0,sampled_nofire
34.75659,-115.84725,2026-06-08,0.0821,14617.499999999998,0.0,25.0,816.931152344,256.2844675276357,0,sampled_nofire
41.59922,-119.2383,2026-06-08,0.1628,13912.5,0.0,17.0,1908.0,91.56166223413061,0,sampled_nofire
37.19809,-114.31385,2026-06-08,0.11,14592.499999999998,0.0,23.0,1254.632080078,251.27661020012363,0,sampled_nofire
37.37952,-114.51858,2026-06-08,0.1255,14587.5,0.0,26.0,1406.576660156,212.3113904458841,0,sampled_nofire
36.63739,-116.8559,2026-06-08,0.0526,14757.499999999998,0.0,16.0,778.134033203,249.03736740324294,0,sampled_nofire
38.52613,-122.07845,2026-06-09,0.2607,14377.499999999998,0.0,85.0,235.000793457,295.67748628816815,1,firms_viirs
38.52983,-122.07101,2026-06-09,0.25470000000000004,14302.499999999998,0.0,85.0,501.883178711,295.67748628816815,1,firms_viirs
38.53038,-122.0771,2026-06-09,0.2589,14362.5,0.0,85.0,235.000793457,295.67748628816815,1,firms_viirs
33.93293,-117.84005,2026-06-09,0.1822,14317.499999999998,0.0,86.0,239.195861816,191.6291149666047,1,firms_viirs
34.03653,-118.10356,2026-06-09,0.1364,14382.499999999998,0.0,85.0,120.038619995,191.6291149666047,1,firms_viirs
34.04193,-117.82349,2026-06-09,0.2487,14332.499999999998,0.0,88.0,254.59197998,191.6291149666047,1,firms_viirs
34.05918,-117.36678,2026-06-09,0.0824,14457.499999999998,0.0,79.0,302.787872314,221.79669173245358,1,firms_viirs
34.11571,-117.92559,2026-06-09,0.1197,14402.499999999998,0.0,83.0,161.795425415,191.6291149666047,1,firms_viirs
34.1423,-117.42999,2026-06-09,0.0983,14347.5,0.0,89.0,507.990783691,221.79669173245358,1,firms_viirs
34.15365,-118.19491,2026-06-09,0.1409,14297.5,0.0,82.0,404.0831604,191.6291149666047,1,firms_viirs
34.24536,-118.38246,2026-06-09,0.0995,14387.5,0.0,81.0,283.420928955,191.6291149666047,1,firms_viirs
34.29128,-118.80341,2026-06-09,0.1777,14327.499999999998,0.0,79.0,268.71282959,237.19647958060523,1,firms_viirs
34.33488,-118.51813,2026-06-09,0.446,14472.5,0.0,62.0,581.314941406,237.19647958060523,1,firms_viirs
34.35426,-116.85364,2026-06-09,0.0371,14412.5,0.0,27.0,1315.406616211,229.97019387989855,1,firms_viirs
34.4285,-118.65007,2026-06-09,0.1532,14442.499999999998,0.0,58.0,345.79977417,237.19647958060523,1,firms_viirs
36.26221,-120.19181,2026-06-09,0.2736,14542.499999999998,0.0,64.0,115.828117371,286.59826950412565,0,sampled_nofire
33.83576,-114.32248,2026-06-09,0.1019,14847.5,0.0,24.0,266.565734863,311.94799292177396,0,sampled_nofire
37.26445,-119.63437,2026-06-09,0.36910000000000004,14302.499999999998,0.0,45.0,1146.0,104.12672457715567,0,sampled_nofire
35.38816,-122.19273,2026-06-09,0.04754749888200746,14387.5,0.0,100.0,0.0,109.26161500283676,0,sampled_nofire
39.1324,-114.28683,2026-06-09,0.0942,14272.5,0.0,17.0,2080.843994141,171.76892065460265,0,sampled_nofire
39.62011,-119.26653,2026-06-10,0.055,14277.499999999998,0.0,37.0,1262.704711914,146.8292962713574,1,firms_viirs
40.82275,-114.25636,2026-06-10,0.0359,14162.5,0.0,31.0,1697.126098633,189.9012638066475,1,firms_viirs
34.60863,-117.33833,2026-06-10,0.1671,14532.499999999998,0.0,49.0,833.0,236.1742859223899,1,firms_viirs
34.62338,-117.10077,2026-06-10,0.0733,14457.499999999998,0.0,48.0,1100.735595703,229.45411498787047,1,firms_viirs
36.35669,-114.91172,2026-06-10,0.0666,14837.5,0.0,20.0,710.588867188,253.45399782561876,1,firms_viirs
37.4567,-121.9361,2026-06-10,0.2134,14267.499999999998,0.0,82.0,22.57343483,220.29350028162196,1,firms_viirs
37.9513,-122.40058,2026-06-10,0.0648,14302.499999999998,0.0,92.0,4.144585609,172.5044635330256,1,firms_viirs
32.49532,-116.83344,2026-06-10,0.1174,14342.499999999998,0.0,94.0,284.704498291,170.54146197229957,1,firms_viirs
33.61493,-117.82199,2026-06-10,0.2144,14427.499999999998,0.0,98.0,188.765197754,107.99029017728405,1,firms_viirs
33.71477,-117.71302,2026-06-10,0.2731,14412.5,0.0,87.0,255.45703125,164.80508870531884,1,firms_viirs
33.79263,-117.47787,2026-06-10,0.10980000000000001,14497.5,0.0,65.0,372.839477539,220.95248943955255,1,firms_viirs
33.82046,-118.24559,2026-06-10,0.0244,14522.5,0.0,96.0,7.718018532,190.60097691203936,1,firms_viirs
33.8277,-117.8614,2026-06-10,0.0787,14527.499999999998,0.0,87.0,60.199832916,190.60097691203936,1,firms_viirs
33.82799,-117.86295,2026-06-10,0.0915,14527.499999999998,0.0,87.0,60.199832916,190.60097691203936,1,firms_viirs
33.85557,-118.33362,2026-06-10,0.0756,14427.499999999998,0.0,91.0,19.810304642,190.60097691203936,1,firms_viirs
36.26221,-120.19181,2026-06-10,0.2736,14577.499999999998,0.0,47.0,115.828117371,286.61823390317267,0,sampled_nofire
33.83576,-114.32248,2026-06-10,0.1019,14892.499999999998,0.0,25.0,266.565734863,310.41976923483804,0,sampled_nofire
37.26445,-119.63437,2026-06-10,0.36910000000000004,14372.5,0.0,62.0,1146.0,103.92352082041496,0,sampled_nofire
35.38816,-122.19273,2026-06-10,0.04754749888200746,14377.499999999998,0.0,84.0,0.0,109.26935433206263,0,sampled_nofire
39.61781,-119.26506,2026-06-11,0.03324041730916451,14277.499999999998,0.0,25.0,1262.704711914,145.3950302978726,1,firms_viirs
40.82272,-114.25565,2026-06-11,0.031134150359050084,13927.499999999998,0.0,40.0,1697.126098633,190.74760848839944,1,firms_viirs
32.54492,-115.16102,2026-06-11,0.03906606901616945,14817.499999999998,0.0,37.0,20.0,313.1092537386953,1,firms_viirs
32.54958,-115.16041,2026-06-11,0.03906394446941473,14817.499999999998,0.0,37.0,20.0,313.1092537386953,1,firms_viirs
32.82009,-115.437,2026-06-11,0.04048484452388818,14807.499999999998,0.0,49.0,-28.377025604,292.35171510563407,1,firms_viirs
32.82023,-115.43704,2026-06-11,0.04048496013058038,14807.499999999998,0.0,49.0,-28.377025604,292.35171510563407,1,firms_viirs
32.82059,-115.44299,2026-06-11,0.04052167160654693,14807.499999999998,0.0,49.0,-28.377025604,292.35171510563407,1,firms_viirs
32.82077,-115.44302,2026-06-11,0.04052168789975127,14807.499999999998,0.0,49.0,-28.377025604,292.35171510563407,1,firms_viirs
32.82485,-115.43641,2026-06-11,0.04047658948994356,14807.499999999998,0.0,49.0,-28.377025604,292.35171510563407,1,firms_viirs
32.82499,-115.43647,2026-06-11,0.040476824828109985,14807.499999999998,0.0,49.0,-28.377025604,292.35171510563407,1,firms_viirs
32.82535,-115.4424,2026-06-11,0.04051339333331132,14807.499999999998,0.0,49.0,-22.614713669,292.35171510563407,1,firms_viirs
32.82553,-115.44244,2026-06-11,0.04051346626044171,14807.499999999998,0.0,49.0,-22.614713669,292.35171510563407,1,firms_viirs
34.08056,-117.50074,2026-06-11,0.03265795871487584,14482.499999999998,0.0,87.0,328.494384766,219.9648504711839,1,firms_viirs
34.14136,-117.42965,2026-06-11,0.032133831234088375,14472.5,0.0,80.0,507.990783691,219.9648504711839,1,firms_viirs
34.33502,-118.52273,2026-06-11,0.009539419325726878,14407.499999999998,0.0,95.0,570.299316406,235.45020658371757,1,firms_viirs
36.26221,-120.19181,2026-06-11,0.026469248787718808,14777.499999999998,0.0,30.0,115.828117371,285.92897865219516,0,sampled_nofire
33.83576,-114.32248,2026-06-11,0.034428808121324914,14992.499999999998,0.0,18.0,266.565734863,309.10813043792854,0,sampled_nofire
37.26445,-119.63437,2026-06-11,0.006025002383188883,14527.499999999998,0.0,50.0,1146.0,102.25458231631318,0,sampled_nofire
35.38816,-122.19273,2026-06-11,0.04754749888200746,14397.5,0.0,86.0,0.0,109.31536461641444,0,sampled_nofire
39.1324,-114.28683,2026-06-11,0.030011769286196012,13962.5,0.0,36.0,2080.843994141,172.1136427593616,0,sampled_nofire
34.75659,-115.84725,2026-06-11,0.03197459194328656,14967.499999999998,0.0,26.0,816.931152344,257.14150670288666,0,sampled_nofire
41.59922,-119.2383,2026-06-11,0.03535677416575522,13852.499999999998,0.0,35.0,1908.0,89.40685377991367,0,sampled_nofire
37.19809,-114.31385,2026-06-11,0.029652362087085268,14617.499999999998,0.0,18.0,1254.632080078,252.10292154591465,0,sampled_nofire
37.37952,-114.51858,2026-06-11,0.029375811252477048,14502.499999999998,0.0,22.0,1406.576660156,212.64827563740906,0,sampled_nofire
34.60678,-117.3407,2026-06-12,0.029096664651887743,14747.5,0.0,37.0,833.0,232.56917019228064,1,firms_viirs
34.60816,-117.3382,2026-06-12,0.02909348452940997,14737.5,0.0,37.0,833.0,232.56917019228064,1,firms_viirs
40.82275,-114.25917,2026-06-12,0.03113338998129264,14267.499999999998,0.0,13.0,1697.126098633,189.72926061684288,1,firms_viirs
36.26221,-120.19181,2026-06-12,0.026469248787718808,14742.499999999998,0.0,33.0,115.828117371,284.8168345515444,0,sampled_nofire
33.83576,-114.32248,2026-06-12,0.034428808121324914,15192.499999999998,0.0,34.0,266.565734863,307.3449803766563,0,sampled_nofire
37.26445,-119.63437,2026-06-12,0.006025002383188883,14667.499999999998,0.0,39.0,1146.0,101.2266529535287,0,sampled_nofire
35.38816,-122.19273,2026-06-12,0.04754749888200746,14412.5,0.0,100.0,0.0,109.38964567649538,0,sampled_nofire
39.1324,-114.28683,2026-06-12,0.030011769286196012,14237.5,0.0,16.0,2080.843994141,172.10899290682292,0,sampled_nofire
34.75659,-115.84725,2026-06-12,0.03197459194328656,14987.5,0.0,21.0,816.931152344,255.79636557777386,0,sampled_nofire
41.59922,-119.2383,2026-06-12,0.03535677416575522,14107.499999999998,0.0,22.0,1908.0,87.33447380994672,0,sampled_nofire
37.19809,-114.31385,2026-06-12,0.029652362087085268,14842.499999999998,0.0,11.0,1254.632080078,251.81291060604053,0,sampled_nofire
37.37952,-114.51858,2026-06-12,0.029375811252477048,14842.499999999998,0.0,11.0,1406.576660156,212.5208532016666,0,sampled_nofire
36.63739,-116.8559,2026-06-12,0.024963164201923932,15197.5,0.0,8.0,778.134033203,248.23143181817227,0,sampled_nofire
40.82255,-114.25463,2026-06-13,0.028900000000000002,14472.5,0.0,23.0,1658.148681641,187.2741558170064,1,firms_viirs
40.94193,-117.86116,2026-06-13,0.0821,14457.499999999998,0.0,29.0,1311.436401367,150.41209255050364,1,firms_viirs
36.26221,-120.19181,2026-06-13,0.23470000000000002,14797.5,0.0,43.0,115.828117371,283.67992310249207,0,sampled_nofire
33.83576,-114.32248,2026-06-13,0.08610000000000001,15167.499999999998,0.0,36.0,266.565734863,306.53369521462133,0,sampled_nofire
37.26445,-119.63437,2026-06-13,0.3504,14747.5,0.0,29.0,1146.0,102.42960140066275,0,sampled_nofire
35.38816,-122.19273,2026-06-13,0.04754749888200746,14327.499999999998,0.0,100.0,0.0,109.49046416333024,0,sampled_nofire
39.1324,-114.28683,2026-06-13,0.0925,14477.499999999998,0.0,13.0,2080.843994141,171.78428340623498,0,sampled_nofire
34.75659,-115.84725,2026-06-13,0.08560000000000001,15002.499999999998,0.0,23.0,816.931152344,256.0251285618003,0,sampled_nofire
41.59922,-119.2383,2026-06-13,0.1484,14177.499999999998,0.0,29.0,1908.0,85.66842741124957,0,sampled_nofire
37.19809,-114.31385,2026-06-13,0.10940000000000001,14882.499999999998,0.0,24.0,1254.632080078,252.2640684103652,0,sampled_nofire
37.37952,-114.51858,2026-06-13,0.1255,14887.5,0.0,21.0,1406.576660156,213.12637155073014,0,sampled_nofire
36.63739,-116.8559,2026-06-13,0.0585,15227.499999999998,0.0,13.0,778.134033203,249.01306403985353,0,sampled_nofire
39.62085,-119.263,2026-06-14,0.041,14527.499999999998,0.0,12.0,1260.522949219,141.89925230961194,1,firms_viirs
40.82216,-114.25851,2026-06-14,0.0155,14372.5,0.0,25.0,1697.126098633,184.41423065154115,1,firms_viirs
36.32264,-119.66444,2026-06-14,0.1143,14787.5,0.0,41.0,68.622505188,255.2640506843917,1,firms_viirs
36.35876,-114.91188,2026-06-14,0.046900000000000004,15127.499999999998,0.0,18.0,710.588867188,252.8917349400765,1,firms_viirs
36.38429,-114.87713,2026-06-14,0.0678,15132.499999999998,0.0,19.0,616.7956197533281,252.8917349400765,1,firms_viirs
37.88242,-121.18537,2026-06-14,0.1831,14512.5,0.0,70.0,2.382113934,262.8084935275457,1,firms_viirs
37.98724,-121.26483,2026-06-14,0.1937,14497.5,0.0,71.0,7.213536739,262.8084935275457,1,firms_viirs
36.26221,-120.19181,2026-06-14,0.23470000000000002,14797.5,0.0,32.0,115.828117371,285.74836203719946,0,sampled_nofire
33.83576,-114.32248,2026-06-14,0.08610000000000001,15167.499999999998,0.0,36.0,266.565734863,308.5100378400654,0,sampled_nofire
37.26445,-119.63437,2026-06-14,0.3504,14727.499999999998,0.0,35.0,1146.0,104.27231098910076,0,sampled_nofire
35.38816,-122.19273,2026-06-14,0.04754749888200746,14352.499999999998,0.0,96.0,0.0,109.57932293719983,0,sampled_nofire
39.1324,-114.28683,2026-06-14,0.0925,14392.499999999998,0.0,22.0,2080.843994141,170.86529408860852,0,sampled_nofire
34.75659,-115.84725,2026-06-14,0.08560000000000001,15007.499999999998,0.0,26.0,816.931152344,258.8919967219958,0,sampled_nofire
41.59922,-119.2383,2026-06-14,0.1484,14217.499999999998,0.0,25.0,1908.0,84.75849830654369,0,sampled_nofire
36.35695,-114.91342,2026-06-15,0.047900000000000005,15102.499999999998,0.0,14.0,710.588867188,257.3636224243294,1,firms_viirs
36.38441,-114.87863,2026-06-15,0.0838,15117.499999999998,0.0,14.0,687.241027832,257.3636224243294,1,firms_viirs
36.95201,-119.37003,2026-06-15,0.1512,14817.499999999998,0.0,41.0,526.974914551,160.3083228253,1,firms_viirs
36.9525,-119.36904,2026-06-15,0.17420000000000002,14797.5,0.0,41.0,526.974914551,160.3083228253,1,firms_viirs
36.95296,-119.37398,2026-06-15,0.1715,14807.499999999998,0.0,41.0,526.974914551,160.3083228253,1,firms_viirs
37.3207,-120.54201,2026-06-15,0.435,14652.499999999998,0.0,56.0,47.88866806,271.76498930667856,1,firms_viirs
39.61936,-119.26669,2026-06-15,0.0407,14722.5,0.0,21.0,1262.704711914,145.10820649644387,1,firms_viirs
40.8215,-114.25877,2026-06-15,0.0155,14597.5,0.0,22.0,1697.126098633,184.15769100204585,1,firms_viirs
32.39697,-116.74879,2026-06-15,0.0931,14692.499999999998,0.0,72.0,278.810913086,177.23719562327034,1,firms_viirs
32.43896,-114.786,2026-06-15,0.0949,15177.499999999998,0.0,56.0,42.216747284,316.54804382255804,1,firms_viirs
32.44233,-114.78532,2026-06-15,0.0897,15177.499999999998,0.0,56.0,42.216747284,316.54804382255804,1,firms_viirs
32.49791,-116.79029,2026-06-15,0.1047,14542.499999999998,0.0,92.0,202.669219971,177.23719562327034,1,firms_viirs
32.49928,-116.79304,2026-06-15,0.1047,14547.5,0.0,92.0,202.669219971,177.23719562327034,1,firms_viirs
32.49982,-115.04041,2026-06-15,0.216,15162.5,0.0,57.0,18.654281616,316.54804382255804,1,firms_viirs
32.49988,-116.32166,2026-06-15,0.1401,14777.499999999998,0.0,52.0,1006.888183594,258.56544370803675,1,firms_viirs
36.26221,-120.19181,2026-06-15,0.23470000000000002,14767.499999999998,0.0,49.0,115.828117371,293.73784690095493,0,sampled_nofire
33.83576,-114.32248,2026-06-15,0.08610000000000001,15257.499999999998,0.0,36.0,266.565734863,313.9709521566798,0,sampled_nofire
37.26445,-119.63437,2026-06-15,0.3504,14652.499999999998,0.0,50.0,1146.0,108.39926245607758,0,sampled_nofire
40.82263,-114.25517,2026-06-16,0.028900000000000002,14607.499999999998,0.0,23.0,1697.126098633,186.35043306433366,1,firms_viirs
36.35711,-114.91404,2026-06-16,0.047900000000000005,15022.5,0.0,16.0,710.588867188,261.6482716389449,1,firms_viirs
33.45199,-117.45774,2026-06-16,0.2575,14327.499999999998,0.0,80.0,415.72354126,178.74826484206275,1,firms_viirs
33.45575,-117.45693,2026-06-16,0.2515,14312.5,0.0,80.0,467.890655518,178.74826484206275,1,firms_viirs
33.45638,-117.4644,2026-06-16,0.28500000000000003,14307.499999999998,0.0,93.0,467.890655518,178.74826484206275,1,firms_viirs
33.4569,-117.45715,2026-06-16,0.2894,14317.499999999998,0.0,80.0,467.890655518,178.74826484206275,1,firms_viirs
33.45749,-117.46461,2026-06-16,0.2801,14307.499999999998,0.0,93.0,467.890655518,178.74826484206275,1,firms_viirs
33.46133,-117.46408,2026-06-16,0.2124,14282.499999999998,0.0,93.0,467.890655518,178.74826484206275,1,firms_viirs
33.46243,-117.46432,2026-06-16,0.24550000000000002,14287.5,0.0,93.0,467.890655518,178.74826484206275,1,firms_viirs
33.79517,-117.4754,2026-06-16,0.1631,14422.5,0.0,84.0,377.0,231.29970419852373,1,firms_viirs
33.82106,-118.24406,2026-06-16,0.0568,14502.499999999998,0.0,94.0,9.0,198.25722040979795,1,firms_viirs
33.82243,-118.2447,2026-06-16,0.09140000000000001,14502.499999999998,0.0,94.0,9.0,198.25722040979795,1,firms_viirs
33.93777,-117.10833,2026-06-16,0.1033,14572.5,0.0,48.0,560.129760742,233.86137741804293,1,firms_viirs
33.93888,-117.10329,2026-06-16,0.1598,14567.499999999998,0.0,48.0,569.167785645,233.86137741804293,1,firms_viirs
33.93943,-117.10969,2026-06-16,0.1411,14562.5,0.0,48.0,560.129760742,233.86137741804293,1,firms_viirs
36.26221,-120.19181,2026-06-16,0.23470000000000002,14637.5,0.0,55.0,115.828117371,300.53500067147,0,sampled_nofire
33.83576,-114.32248,2026-06-16,0.08610000000000001,15127.499999999998,0.0,36.0,266.565734863,318.9428171754491,0,sampled_nofire
37.26445,-119.63437,2026-06-16,0.3504,14662.5,0.0,38.0,1146.0,111.79240764231555,0,sampled_nofire
35.38816,-122.19273,2026-06-16,0.04754749888200746,14397.5,0.0,96.0,0.0,109.72117584801616,0,sampled_nofire
39.1324,-114.28683,2026-06-16,0.0925,14477.499999999998,0.0,16.0,2080.843994141,175.1277897804832,0,sampled_nofire
36.36023,-114.913,2026-06-17,0.0575,15137.5,0.0,16.0,710.588867188,264.2608423585196,1,firms_viirs
40.82521,-114.25907,2026-06-17,0.0412,14617.499999999998,0.0,34.0,1665.016723633,188.83863236355157,1,firms_viirs
32.52403,-116.78181,2026-06-17,0.1199,14417.499999999998,0.0,92.0,258.500915527,181.84660561596894,1,firms_viirs
32.52518,-116.7811,2026-06-17,0.11960000000000001,14417.499999999998,0.0,92.0,259.00958252,181.84660561596894,1,firms_viirs
32.53014,-114.96793,2026-06-17,0.3292,15052.499999999998,0.0,55.0,23.997232437,324.8675206137769,1,firms_viirs
32.53017,-116.78111,2026-06-17,0.0918,14407.499999999998,0.0,98.0,259.00958252,181.84660561596894,1,firms_viirs
32.53041,-114.97222,2026-06-17,0.1466,15052.499999999998,0.0,55.0,23.997232437,324.8675206137769,1,firms_viirs
32.53138,-114.96992,2026-06-17,0.3965,15052.499999999998,0.0,55.0,23.997232437,324.8675206137769,1,firms_viirs
32.71557,-114.76133,2026-06-17,0.079,15042.499999999998,0.0,54.0,53.204711914,324.8675206137769,1,firms_viirs
32.71562,-114.76344,2026-06-17,0.0745,15042.499999999998,0.0,54.0,53.204711914,324.8675206137769,1,firms_viirs
34.60828,-117.33771,2026-06-17,0.0378,14692.499999999998,0.0,32.0,833.0,246.92807845391064,1,firms_viirs
34.60863,-117.34306,2026-06-17,0.34440000000000004,14707.499999999998,0.0,32.0,833.0,246.92807845391064,1,firms_viirs
36.26221,-120.19181,2026-06-17,0.23470000000000002,14597.5,0.0,51.0,115.828117371,305.6531447395941,0,sampled_nofire
33.83576,-114.32248,2026-06-17,0.08610000000000001,15192.499999999998,0.0,26.0,266.565734863,322.99921630170513,0,sampled_nofire
37.26445,-119.63437,2026-06-17,0.3504,14632.499999999998,0.0,40.0,1146.0,115.76118769745527,0,sampled_nofire
35.38816,-122.19273,2026-06-17,0.04754749888200746,14387.5,0.0,100.0,0.0,109.85367386387935,0,sampled_nofire
39.1324,-114.28683,2026-06-17,0.0925,14522.5,0.0,15.0,2080.843994141,176.55051685523378,0,sampled_nofire
34.75659,-115.84725,2026-06-17,0.08560000000000001,15037.5,0.0,20.0,816.931152344,269.9765718235617,0,sampled_nofire
41.59922,-119.2383,2026-06-17,0.1484,14232.499999999998,0.0,46.0,1908.0,93.61166944129691,0,sampled_nofire
37.19809,-114.31385,2026-06-17,0.10940000000000001,14927.499999999998,0.0,15.0,1254.632080078,262.9107635713753,0,sampled_nofire
40.82057,-114.2597,2026-06-18,0.0621,14407.499999999998,0.0,19.0,1697.126098633,192.76727205731504,1,firms_viirs
37.29906,-114.60416,2026-06-18,0.1178,14827.499999999998,0.0,14.0,1287.171508789,226.07743085208546,1,firms_viirs
37.30074,-114.60243,2026-06-18,0.12840000000000001,14827.499999999998,0.0,14.0,1287.171508789,226.07743085208546,1,firms_viirs
37.30082,-114.61121,2026-06-18,0.1262,14842.499999999998,0.0,13.0,1299.139892578,226.07743085208546,1,firms_viirs
37.30627,-114.60303,2026-06-18,0.12760000000000002,14827.499999999998,0.0,14.0,1327.660400391,226.07743085208546,1,firms_viirs
37.31517,-114.60052,2026-06-18,0.12350000000000001,14817.499999999998,0.0,14.0,1368.513671875,226.07743085208546,1,firms_viirs
37.34281,-114.62817,2026-06-18,0.18030000000000002,14802.499999999998,0.0,15.0,1682.924560547,226.07743085208546,1,firms_viirs
37.34304,-114.64318,2026-06-18,0.2049,14772.5,0.0,15.0,1778.937133789,226.07743085208546,1,firms_viirs
37.34439,-114.62682,2026-06-18,0.1729,14812.5,0.0,15.0,1682.924560547,226.07743085208546,1,firms_viirs
37.34455,-114.64156,2026-06-18,0.1698,14767.499999999998,0.0,15.0,1778.937133789,226.07743085208546,1,firms_viirs
37.34993,-114.62153,2026-06-18,0.1819,14822.5,0.0,15.0,1628.068725586,226.07743085208546,1,firms_viirs
37.35005,-114.62872,2026-06-18,0.2194,14807.499999999998,0.0,15.0,1700.035522461,226.07743085208546,1,firms_viirs
37.35154,-114.62034,2026-06-18,0.2132,14832.499999999998,0.0,15.0,1628.068725586,226.07743085208546,1,firms_viirs
37.35163,-114.6278,2026-06-18,0.21480000000000002,14812.5,0.0,15.0,1700.035522461,226.07743085208546,1,firms_viirs
37.35878,-114.62099,2026-06-18,0.19310000000000002,14767.499999999998,0.0,14.0,1585.840698242,226.07743085208546,1,firms_viirs
36.26221,-120.19181,2026-06-18,0.23470000000000002,14602.499999999998,0.0,57.0,115.828117371,312.5631792854979,0,sampled_nofire
33.83576,-114.32248,2026-06-18,0.08610000000000001,15037.5,0.0,20.0,266.565734863,329.4348396771595,0,sampled_nofire
37.26445,-119.63437,2026-06-18,0.3504,14587.5,0.0,37.0,1146.0,121.83784166127568,0,sampled_nofire
37.35462,-114.6395,2026-06-19,0.23420000000000002,14737.5,0.0,18.0,1583.681640625,231.7993191557407,1,firms_viirs
37.35557,-114.64449,2026-06-19,0.2301,14727.499999999998,0.0,18.0,1622.3828125,231.7993191557407,1,firms_viirs
37.37115,-114.27718,2026-06-19,0.22260000000000002,14617.499999999998,0.0,23.0,1972.903930664,231.7993191557407,1,firms_viirs
37.37372,-114.27103,2026-06-19,0.2049,14612.5,0.0,23.0,1998.759155273,231.7993191557407,1,firms_viirs
37.38839,-114.26382,2026-06-19,0.2218,14642.499999999998,0.0,22.0,1941.099121094,231.7993191557407,1,firms_viirs
37.38992,-114.2524,2026-06-19,0.1988,14662.5,0.0,22.0,1891.201049805,231.7993191557407,1,firms_viirs
37.39343,-114.25123,2026-06-19,0.20170000000000002,14647.5,0.0,23.0,1891.201049805,231.7993191557407,1,firms_viirs
37.39441,-114.25631,2026-06-19,0.18780000000000002,14677.499999999998,0.0,22.0,1941.099121094,231.7993191557407,1,firms_viirs
37.39793,-114.25516,2026-06-19,0.1778,14677.499999999998,0.0,22.0,1840.797241211,231.7993191557407,1,firms_viirs
37.43454,-114.27068,2026-06-19,0.1713,14647.5,0.0,24.0,1809.668334961,231.7993191557407,1,firms_viirs
37.43712,-114.26467,2026-06-19,0.17980000000000002,14597.5,0.0,24.0,1828.173828125,231.7993191557407,1,firms_viirs
37.43807,-114.26962,2026-06-19,0.1713,14602.499999999998,0.0,24.0,1822.744384766,231.7993191557407,1,firms_viirs
37.44064,-114.26357,2026-06-19,0.17850000000000002,14602.499999999998,0.0,24.0,1828.173828125,231.7993191557407,1,firms_viirs
37.75753,-121.66048,2026-06-19,0.1549,14272.5,0.0,92.0,325.571929932,266.3312217079335,1,firms_viirs
37.883,-121.18813,2026-06-19,0.1831,14382.499999999998,0.0,89.0,2.382113934,289.1806300532867,1,firms_viirs
36.26221,-120.19181,2026-06-19,0.23470000000000002,14507.499999999998,0.0,71.0,115.828117371,320.6953436051701,0,sampled_nofire
33.83576,-114.32248,2026-06-19,0.08610000000000001,14947.5,0.0,24.0,266.565734863,337.34464019740557,0,sampled_nofire
37.26445,-119.63437,2026-06-19,0.3504,14397.5,0.0,62.0,1146.0,128.90825124676206,0,sampled_nofire
35.38816,-122.19273,2026-06-19,0.04754749888200746,14407.499999999998,0.0,93.0,0.0,110.07202685720321,0,sampled_nofire
39.1324,-114.28683,2026-06-19,0.0925,14547.5,0.0,19.0,2080.843994141,197.61786345063675,0,sampled_nofire
39.61767,-119.26823,2026-06-22,0.053200000000000004,14672.5,2.13,36.0,1262.704711914,200.01930298524022,1,firms_viirs
39.61985,-119.26981,2026-06-22,0.0383,14672.5,2.13,36.0,1262.704711914,200.01930298524022,1,firms_viirs
40.82321,-114.25564,2026-06-22,0.024300000000000002,14682.499999999998,2.7,27.0,1697.126098633,209.86648291055886,1,firms_viirs
40.82341,-114.25924,2026-06-22,0.022500000000000003,14677.499999999998,3.23,25.0,1697.126098633,209.86648291055886,1,firms_viirs
32.50194,-116.79412,2026-06-22,0.092,14412.5,0.51,97.0,202.669219971,187.2748649158699,1,firms_viirs
32.52945,-116.7812,2026-06-22,0.0918,14397.5,1.14,98.0,259.00958252,187.2748649158699,1,firms_viirs
33.79318,-117.47957,2026-06-22,0.08850000000000001,14402.499999999998,0.71,82.0,372.839477539,243.06104113626736,1,firms_viirs
33.82001,-118.24831,2026-06-22,0.0721,14507.499999999998,0.81,84.0,7.718018532,202.0709255866707,1,firms_viirs
34.33686,-118.52157,2026-06-22,0.3519,14382.499999999998,1.7,85.0,570.299316406,259.64899581281196,1,firms_viirs
36.3588,-114.91356,2026-06-22,0.0538,15002.499999999998,0.42,10.0,710.588867188,293.13201871183725,1,firms_viirs
37.35736,-114.67204,2026-06-22,0.2535,14662.5,2.78,13.0,1728.438964844,247.3024254096644,1,firms_viirs
37.36208,-114.26048,2026-06-22,0.2487,14602.499999999998,4.79,13.0,2083.352294922,247.3024254096644,1,firms_viirs
40.82005,-114.25581,2026-06-23,0.0459,14597.5,1.53,20.0,1697.126098633,212.40016090003363,1,firms_viirs
40.82457,-114.25964,2026-06-23,0.022500000000000003,14642.499999999998,3.18,18.0,1697.126098633,212.40016090003363,1,firms_viirs
37.35343,-114.6943,2026-06-23,0.2661,14522.5,3.67,20.0,2078.986572266,254.7374203020209,1,firms_viirs
37.36004,-114.68939,2026-06-23,0.20020000000000002,14577.499999999998,3.4,17.0,1985.583618164,254.7374203020209,1,firms_viirs
37.36019,-114.69549,2026-06-23,0.3034,14547.5,3.67,20.0,1999.795410156,254.7374203020209,1,firms_viirs
37.36034,-114.70119,2026-06-23,0.257,14497.5,3.67,20.0,1999.795410156,254.7374203020209,1,firms_viirs
37.36198,-114.26321,2026-06-23,0.2781,14542.499999999998,4.08,18.0,2083.352294922,247.3024254096644,1,firms_viirs
37.36696,-114.69684,2026-06-23,0.251,14617.499999999998,4.24,17.0,1902.889526367,254.7374203020209,1,firms_viirs
37.3671,-114.70216,2026-06-23,0.24050000000000002,14572.5,3.4,17.0,1902.889526367,254.7374203020209,1,firms_viirs
37.36814,-114.24834,2026-06-23,0.2766,14497.5,4.08,18.0,2193.834228516,248.80258987346306,1,firms_viirs
39.28664,-121.63805,2026-06-24,0.1751,14552.499999999998,3.71,63.0,25.592216492,412.1476720506578,1,firms_viirs
39.62072,-119.262,2026-06-24,0.041,14627.499999999998,2.76,21.0,1260.522949219,203.09821873656347,1,firms_viirs
39.62141,-119.26644,2026-06-24,0.0557,14607.499999999998,2.64,22.0,1262.704711914,203.09821873656347,1,firms_viirs
40.82145,-114.25758,2026-06-24,0.0155,14847.5,8.26,12.0,1697.126098633,214.96735740462992,1,firms_viirs
40.82167,-114.25618,2026-06-24,0.0363,14852.499999999998,8.26,12.0,1697.126098633,214.96735740462992,1,firms_viirs
41.22324,-120.6149,2026-06-24,0.1501,14367.499999999998,0.85,43.0,1729.927734375,110.10954838090409,1,firms_viirs
36.26221,-120.19181,2026-06-24,0.23470000000000002,14682.499999999998,2.02,55.0,115.828117371,332.52651189641443,0,sampled_nofire
34.75659,-115.84725,2026-06-24,0.08560000000000001,15092.499999999998,1.82,25.0,816.931152344,294.6363943809935,0,sampled_nofire
36.63739,-116.8559,2026-06-24,0.0585,15227.499999999998,2.87,17.0,778.134033203,291.59153803143477,0,sampled_nofire
40.82394,-114.25478,2026-06-26,0.0307,14762.5,7.82,13.0,1658.148681641,221.33668498417111,1,firms_viirs
36.35878,-114.91322,2026-06-26,0.0538,15047.5,7.63,13.0,710.588867188,305.3875925904837,1,firms_viirs
36.38449,-114.87521,2026-06-26,0.0678,15077.499999999998,8.71,13.0,687.241027832,305.3875925904837,1,firms_viirs
37.35981,-114.24662,2026-06-26,0.2021,14467.499999999998,6.3,18.0,2275.768554688,256.70174159026624,1,firms_viirs
37.36456,-114.22475,2026-06-26,0.2484,14472.5,5.57,19.0,2212.072998047,256.70174159026624,1,firms_viirs
37.3652,-114.22995,2026-06-26,0.2404,14507.499999999998,5.57,19.0,2083.849853516,256.70174159026624,1,firms_viirs
37.36821,-114.2243,2026-06-26,0.26880000000000004,14512.5,5.57,19.0,2074.11328125,256.70174159026624,1,firms_viirs
37.37953,-114.19563,2026-06-26,0.2706,14532.499999999998,5.57,19.0,2045.401855469,256.70174159026624,1,firms_viirs
37.38258,-114.19028,2026-06-26,0.2561,14592.499999999998,4.63,18.0,1927.527587891,256.70174159026624,1,firms_viirs
40.81718,-114.25521,2026-06-27,0.03113049450211342,14242.499999999998,2.84,63.0,1697.126098633,224.2915918014451,1,firms_viirs
40.81755,-114.25106,2026-06-27,0.031131671981980392,14317.499999999998,2.3,54.0,1658.148681641,224.2915918014451,1,firms_viirs
40.82207,-114.25529,2026-06-27,0.031133789924307775,14257.499999999998,2.84,63.0,1697.126098633,224.2915918014451,1,firms_viirs
36.35982,-114.9093,2026-06-27,0.02948211236323452,14957.499999999998,6.94,21.0,710.588867188,306.24675494750505,1,firms_viirs
37.35586,-114.24046,2026-06-27,0.029687046402978645,14327.499999999998,4.15,29.0,2281.502441406,257.31841608645874,1,firms_viirs
37.35632,-114.24616,2026-06-27,0.029681024769669728,14342.499999999998,4.15,29.0,2275.768554688,256.70174159026624,1,firms_viirs
37.36052,-114.2398,2026-06-27,0.029686693326690994,14347.5,4.53,29.0,2281.502441406,257.31841608645874,1,firms_viirs
37.37209,-114.20831,2026-06-27,0.02971659860222272,14367.499999999998,4.53,29.0,2144.583984375,257.31841608645874,1,firms_viirs
37.37587,-114.19701,2026-06-27,0.02972732079972305,14457.499999999998,5.66,29.0,2045.401855469,256.70174159026624,1,firms_viirs
37.37971,-114.18661,2026-06-27,0.029737070542754113,14477.499999999998,5.66,29.0,1927.527587891,256.70174159026624,1,firms_viirs
37.38013,-114.19167,2026-06-27,0.02973184805859683,14472.5,5.66,29.0,1927.527587891,256.70174159026624,1,firms_viirs
37.38055,-114.19671,2026-06-27,0.029726635113143936,14387.5,4.53,29.0,2045.401855469,256.70174159026624,1,firms_viirs
40.82296,-114.25611,2026-06-30,0.031134210917734332,14192.499999999998,2.6,35.0,1697.126098633,228.68465285833832,1,firms_viirs
37.88164,-121.18845,2026-06-30,0.06375008906477353,14452.499999999998,2.45,63.0,2.382113934,316.70231928677606,1,firms_viirs
37.8847,-121.18707,2026-06-30,0.06370048139718357,14457.499999999998,2.45,63.0,2.382113934,316.70231928677606,1,firms_viirs
37.94954,-122.4005,2026-06-30,0.1173984015072023,14282.499999999998,5.55,93.0,4.144585609,190.65717319891033,1,firms_viirs
38.01384,-122.11437,2026-06-30,0.10506330649124535,14342.499999999998,1.8,81.0,16.152906418,269.5764920836119,1,firms_viirs
39.62106,-119.26513,2026-06-30,0.033261684849803436,14297.5,2.72,38.0,1262.704711914,236.02952586490224,1,firms_viirs
36.35564,-114.91043,2026-06-30,0.029484961044559464,14862.5,4.84,15.0,710.588867188,317.0444282582304,1,firms_viirs
36.38116,-114.87575,2026-06-30,0.029503605550084945,14927.499999999998,6.21,14.0,687.241027832,317.0444282582304,1,firms_viirs
36.66465,-120.13465,2026-06-30,0.024902307681595806,14542.499999999998,1.94,52.0,60.196655273,357.325741490061,1,firms_viirs
37.45592,-121.93031,2026-06-30,0.09859620490679291,14347.5,1.1,90.0,4.845137119,274.589686694974,1,firms_viirs
36.26221,-120.19181,2026-06-30,0.026469248787718808,14527.499999999998,2.09,45.0,115.828117371,357.325741490061,0,sampled_nofire
39.62043,-119.26252,2026-07-01,0.03323601477300023,14307.499999999998,2.3,37.0,1260.522949219,236.34037266118293,1,firms_viirs
40.9415,-117.86082,2026-07-01,0.032403943965027146,14252.499999999998,2.22,67.0,1311.436401367,219.90755714780954,1,firms_viirs
34.4295,-118.64597,2026-07-01,0.005509573970630742,14437.5,0.95,85.0,345.79977417,275.71124176621043,1,firms_viirs
34.60624,-117.33654,2026-07-01,0.02910924813910568,14432.499999999998,4.36,61.0,833.0,281.28457731000043,1,firms_viirs
34.60717,-117.33723,2026-07-01,0.029101868274954264,14432.499999999998,4.36,61.0,833.0,281.28457731000043,1,firms_viirs
34.61001,-117.33579,2026-07-01,0.029087201215697238,14427.499999999998,4.36,61.0,833.0,281.28457731000043,1,firms_viirs
34.62098,-117.10333,2026-07-01,0.02958929864164377,14332.499999999998,2.82,60.0,1100.735595703,280.44872733943345,1,firms_viirs
34.81871,-118.75211,2026-07-01,0.010260896311599595,14402.499999999998,5.88,41.0,1076.0,299.16106068383516,1,firms_viirs
36.3589,-114.90944,2026-07-01,0.029482878601404652,14867.499999999998,4.36,15.0,710.588867188,319.2350171154247,1,firms_viirs
36.38287,-114.87526,2026-07-01,0.029502520499018477,14917.499999999998,5.99,15.0,687.241027832,319.2350171154247,1,firms_viirs
32.36911,-114.91772,2026-07-01,0.03799856804668846,14777.499999999998,2.47,32.0,25.675554276,385.4725873289821,1,firms_viirs
38.93977,-121.82246,2026-07-02,0.0628263904778344,14372.5,3.06,81.0,10.673978806,429.9726884315824,1,firms_viirs
38.9463,-121.82212,2026-07-02,0.06281005843581207,14377.499999999998,3.06,81.0,10.231403351,429.9726884315824,1,firms_viirs
39.62007,-119.26394,2026-07-02,0.0332455069038841,14417.499999999998,2.82,35.0,1260.522949219,236.7139838804586,1,firms_viirs
40.47491,-122.65409,2026-07-02,0.021942864615355995,14677.499999999998,1.32,29.0,415.132141113,478.850372515899,1,firms_viirs
40.47502,-122.66119,2026-07-02,0.021774835278019784,14657.499999999998,1.32,29.0,468.151580811,478.850372515899,1,firms_viirs
40.47535,-122.65584,2026-07-02,0.021889058716434786,14667.499999999998,1.32,29.0,468.151580811,478.850372515899,1,firms_viirs
34.60762,-117.3379,2026-07-02,0.02909755146757311,14467.499999999998,2.62,39.0,833.0,281.51881980350663,1,firms_viirs
34.6235,-117.09908,2026-07-02,0.02958710240075877,14402.499999999998,2.1,34.0,1100.735595703,280.85526243884567,1,firms_viirs
36.35928,-114.91274,2026-07-02,0.02947820980595928,14932.499999999998,5.8,21.0,710.588867188,319.6462187541355,1,firms_viirs
36.88175,-120.1209,2026-07-02,0.023362427063288515,14362.5,2.25,75.0,68.866523743,349.65232642001877,1,firms_viirs
36.88397,-120.12146,2026-07-02,0.023363533524160585,14362.5,2.25,75.0,68.866523743,349.65232642001877,1,firms_viirs
34.88696,-116.95582,2026-07-03,0.02872423681840596,14682.499999999998,4.16,22.0,617.618347168,294.40401845711517,1,firms_viirs
35.14426,-114.09169,2026-07-03,0.03180120977494752,14837.5,2.95,16.0,897.706420898,341.08560775990185,1,firms_viirs
36.35862,-114.9134,2026-07-03,0.029478034138044194,14917.499999999998,4.5,14.0,710.588867188,319.6388617598918,1,firms_viirs
36.3591,-114.91276,2026-07-03,0.02947836942955335,14917.499999999998,4.5,14.0,710.588867188,319.6388617598918,1,firms_viirs
32.59815,-115.09516,2026-07-03,0.03876319515128362,14862.5,1.97,38.0,20.0,386.8208430881411,1,firms_viirs
33.819,-118.24732,2026-07-03,0.03701697827864434,14422.5,0.76,89.0,7.718018532,204.779562698469,1,firms_viirs
34.15229,-118.19823,2026-07-03,0.05808010415981662,14322.5,1.7,85.0,388.347045898,204.779562698469,1,firms_viirs
34.15521,-118.19768,2026-07-03,0.05833934659728689,14322.5,1.7,85.0,384.421234131,204.779562698469,1,firms_viirs
34.33737,-118.52326,2026-07-03,0.009305099999034392,14452.499999999998,3.02,57.0,570.299316406,274.490865670289,1,firms_viirs
34.6091,-117.33877,2026-07-03,0.029086296028797587,14537.5,3.41,22.0,833.0,280.4792679726272,1,firms_viirs
34.60921,-117.33713,2026-07-03,0.029089248083675374,14537.5,3.41,22.0,833.0,280.4792679726272,1,firms_viirs
36.35694,-114.91654,2026-07-04,0.029475692308528062,14987.5,3.91,8.0,748.706604004,319.45509953122377,1,firms_viirs
36.26221,-120.19181,2026-07-04,0.026469248787718808,14687.5,2.0,40.0,115.828117371,361.0332130752985,0,sampled_nofire
37.26445,-119.63437,2026-07-04,0.006025002383188883,14622.5,1.72,27.0,1146.0,225.63003301047647,0,sampled_nofire
34.75659,-115.84725,2026-07-04,0.03197459194328656,14892.499999999998,6.29,17.0,816.931152344,322.40157871993983,0,sampled_nofire
36.63739,-116.8559,2026-07-04,0.024963164201923932,14977.499999999998,0.61,13.0,778.134033203,310.55025346461844,0,sampled_nofire
36.5401,-119.13775,2026-07-04,0.01522782629025594,14692.499999999998,2.01,40.0,362.663330078,325.5058452076734,0,sampled_nofire
35.08252,-120.01859,2026-07-04,0.017046917233680327,14467.499999999998,1.75,50.0,424.0,280.4420549588187,0,sampled_nofire
39.26831,-120.11955,2026-07-04,0.042631078701480356,14312.5,0.64,45.0,2032.0,255.6988075541563,0,sampled_nofire
35.67092,-116.81811,2026-07-04,0.026667057834239387,14957.499999999998,7.69,18.0,830.0,308.88233509554635,0,sampled_nofire
39.62034,-119.26133,2026-07-05,0.03322558074404321,14732.499999999998,3.19,37.0,1260.522949219,237.7245669127203,1,firms_viirs
40.82362,-114.25552,2026-07-05,0.031134788890351102,14762.5,6.76,10.0,1697.126098633,230.20218145832158,1,firms_viirs
40.94077,-117.86177,2026-07-05,0.03240424309055505,14697.5,3.26,15.0,1311.436401367,222.19130146093113,1,firms_viirs
36.35864,-114.912,2026-07-05,0.029479829413542654,15067.499999999998,4.7,21.0,710.588867188,319.12474848209547,1,firms_viirs
36.26221,-120.19181,2026-07-05,0.026469248787718808,14857.499999999998,1.63,36.0,115.828117371,360.508082402297,0,sampled_nofire
37.26445,-119.63437,2026-07-05,0.006025002383188883,14687.5,1.36,26.0,1146.0,225.61859931329636,0,sampled_nofire
34.75659,-115.84725,2026-07-05,0.03197459194328656,14977.499999999998,4.79,36.0,816.931152344,322.16250102819157,0,sampled_nofire
36.63739,-116.8559,2026-07-05,0.024963164201923932,15077.499999999998,2.21,29.0,778.134033203,309.8357098011719,0,sampled_nofire
36.5401,-119.13775,2026-07-05,0.01522782629025594,14767.499999999998,2.06,43.0,362.663330078,324.91558763754495,0,sampled_nofire
35.08252,-120.01859,2026-07-05,0.017046917233680327,14537.5,0.92,77.0,424.0,278.98405486882064,0,sampled_nofire
39.26831,-120.11955,2026-07-05,0.042631078701480356,14372.5,1.51,40.0,2032.0,256.0637944440188,0,sampled_nofire
35.67092,-116.81811,2026-07-05,0.026667057834239387,14992.499999999998,8.01,33.0,830.0,308.3505209942255,0,sampled_nofire
38.09841,-119.90943,2026-07-05,0.02119606034399304,14317.499999999998,2.16,38.0,2100.298095703,259.11745706549345,0,sampled_nofire
39.62122,-119.26305,2026-07-06,0.03324543338264248,14502.499999999998,2.77,48.0,1260.522949219,238.2444382678387,1,firms_viirs
36.35669,-114.91198,2026-07-06,0.02948186805927993,15077.499999999998,3.91,26.0,710.588867188,318.6261525055248,1,firms_viirs
36.4583,-119.99502,2026-07-06,0.023242459307404196,14527.499999999998,3.11,66.0,58.454120636,361.2380779558969,1,firms_viirs
36.8021,-114.04131,2026-07-06,0.03009320473949916,15097.5,1.43,18.0,487.834655762,304.4122495401095,1,firms_viirs
32.39538,-115.1902,2026-07-06,0.03913037202229325,15017.499999999998,2.11,30.0,15.673179626,386.2575266014097,1,firms_viirs
32.49731,-116.79404,2026-07-06,0.04735678959455148,14462.5,0.5,100.0,202.669219971,182.45447412196987,1,firms_viirs
32.50009,-116.78898,2026-07-06,0.04740227264787184,14452.499999999998,0.5,100.0,202.669219971,182.45447412196987,1,firms_viirs
32.56131,-116.60806,2026-07-06,0.048136970061458034,14532.499999999998,0.92,43.0,547.458374023,182.45447412196987,1,firms_viirs
32.56207,-116.60973,2026-07-06,0.04814625004534637,14522.5,0.92,43.0,547.458374023,182.45447412196987,1,firms_viirs
32.56876,-115.02011,2026-07-06,0.038437110675343424,15037.5,2.1,22.0,20.0,386.2575266014097,1,firms_viirs
40.82336,-114.25676,2026-07-07,0.0146,14617.499999999998,3.54,32.0,1697.126098633,231.9806281369654,1,firms_viirs
36.35868,-114.91086,2026-07-07,0.09480000000000001,15137.5,3.75,22.0,710.588867188,318.50242067471333,1,firms_viirs
33.71793,-117.71329,2026-07-07,0.17320000000000002,14472.5,1.8,96.0,242.940872192,163.28031514266047,1,firms_viirs
33.7182,-117.71222,2026-07-07,0.17320000000000002,14467.499999999998,1.8,96.0,242.940872192,163.28031514266047,1,firms_viirs
33.77784,-118.23783,2026-07-07,0.0448,14502.499999999998,1.04,91.0,2.527592182,197.79010251594434,1,firms_viirs
33.79254,-117.47552,2026-07-07,0.0917,14537.5,0.81,64.0,372.839477539,252.1902686752005,1,firms_viirs
33.82121,-118.24409,2026-07-07,0.0408,14487.5,1.12,92.0,9.0,197.79010251594434,1,firms_viirs
33.85316,-118.33633,2026-07-07,0.059500000000000004,14432.499999999998,1.63,89.0,21.693264008,197.79010251594434,1,firms_viirs
33.93298,-117.83919,2026-07-07,0.12810000000000002,14432.499999999998,2.2,93.0,239.195861816,197.79010251594434,1,firms_viirs
34.04138,-117.8236,2026-07-07,0.2947,14477.499999999998,1.12,73.0,254.59197998,197.79010251594434,1,firms_viirs
34.04261,-117.82382,2026-07-07,0.20450000000000002,14472.5,1.12,73.0,254.59197998,197.79010251594434,1,firms_viirs
40.82351,-114.25807,2026-07-08,0.0267,14692.499999999998,4.16,26.0,1697.126098633,233.68976739220798,1,firms_viirs
36.35778,-114.91133,2026-07-08,0.050800000000000005,15137.5,4.1,14.0,710.588867188,317.88543694241906,1,firms_viirs
39.34726,-119.54653,2026-07-08,0.18030000000000002,14567.499999999998,8.63,24.0,1693.470458984,240.17355464260328,1,firms_viirs
39.34812,-119.54204,2026-07-08,0.18080000000000002,14562.5,8.63,24.0,1701.072998047,240.17355464260328,1,firms_viirs
39.3482,-119.54765,2026-07-08,0.1633,14547.5,8.63,24.0,1693.470458984,240.17355464260328,1,firms_viirs
39.61793,-119.26672,2026-07-08,0.0413,14637.5,2.51,28.0,1262.704711914,240.17355464260328,1,firms_viirs
33.93048,-117.84419,2026-07-08,0.1965,14472.5,0.81,84.0,239.195861816,198.3492447501092,1,firms_viirs
34.0801,-117.50321,2026-07-08,0.0393,14617.499999999998,1.55,60.0,328.494384766,252.35089668372356,1,firms_viirs
34.08293,-117.5042,2026-07-08,0.042800000000000005,14617.499999999998,1.55,60.0,328.494384766,252.35089668372356,1,firms_viirs
34.1511,-118.19897,2026-07-08,0.25620000000000004,14507.499999999998,2.66,60.0,388.347045898,198.3492447501092,1,firms_viirs
34.33509,-118.52252,2026-07-08,0.2641,14547.5,3.01,55.0,570.299316406,270.07179620645746,1,firms_viirs
40.81946,-114.2566,2026-07-09,0.030600000000000002,14612.5,1.9,31.0,1697.126098633,234.90718504144655,1,firms_viirs
40.82225,-114.25568,2026-07-09,0.0267,14612.5,1.9,31.0,1697.126098633,234.90718504144655,1,firms_viirs
32.49784,-116.83854,2026-07-09,0.083,14442.499999999998,0.86,68.0,343.208129883,186.73438249156175,1,firms_viirs
40.82153,-114.25898,2026-07-09,0.0267,14602.499999999998,1.9,31.0,1697.126098633,234.90718504144655,1,firms_viirs
36.60921,-119.7197,2026-07-09,0.3763,14532.499999999998,2.78,73.0,87.600311279,366.0460636149077,1,firms_viirs
36.61033,-119.72528,2026-07-09,0.2156,14537.5,2.64,73.0,87.436485291,366.0460636149077,1,firms_viirs
36.61292,-119.71853,2026-07-09,0.2746,14537.5,2.64,73.0,87.600311279,366.0460636149077,1,firms_viirs
36.61404,-119.72413,2026-07-09,0.2632,14537.5,2.64,73.0,87.600311279,366.0460636149077,1,firms_viirs
37.31878,-120.07047,2026-07-09,0.1584,14442.499999999998,2.0,70.0,285.42678833,322.28138910729814,1,firms_viirs
37.40033,-120.62675,2026-07-09,0.45940000000000003,14402.499999999998,2.33,70.0,53.208370209,354.84613385864236,1,firms_viirs
40.8208,-114.2549,2026-07-10,0.0267,14717.499999999998,2.22,20.0,1658.148681641,237.9999588335651,1,firms_viirs
40.82113,-114.25699,2026-07-10,0.0267,14707.499999999998,2.22,20.0,1697.126098633,237.9999588335651,1,firms_viirs
40.93905,-117.86077,2026-07-10,0.1051,14527.499999999998,1.32,24.0,1311.436401367,234.744873516947,1,firms_viirs
36.35708,-114.91245,2026-07-10,0.095,15127.499999999998,4.87,8.0,710.588867188,323.42309581081963,1,firms_viirs
37.18541,-121.68042,2026-07-10,0.1332,14257.499999999998,0.99,94.0,147.542236328,215.3791081101175,1,firms_viirs
37.4542,-121.93286,2026-07-10,0.09869541846271178,14297.5,1.22,100.0,3.639590025,282.9200125388186,1,firms_viirs
37.7541,-121.6593,2026-07-10,0.0888,14267.499999999998,10.34,96.0,323.390258789,273.9078718513055,1,firms_viirs
37.88233,-121.18555,2026-07-10,0.09920000000000001,14527.499999999998,2.65,66.0,2.382113934,327.493713019854,1,firms_viirs
38.01487,-122.11404,2026-07-10,0.0487,14312.5,0.28,82.0,16.152906418,273.9078718513055,1,firms_viirs
36.35665,-114.91218,2026-07-18,0.0386,15252.499999999998,1.08,38.0,710.588867188,293.25897728741563,1,firms_viirs
39.62308,-119.26611,2026-07-18,0.0659,14987.5,5.81,23.0,1262.704711914,220.55612592960907,1,firms_viirs
39.71737,-120.11819,2026-07-18,0.3371,14697.5,1.14,36.0,1804.34387207,260.6090914044312,1,firms_viirs
39.71758,-120.12363,2026-07-18,0.3378,14692.499999999998,1.14,36.0,1804.34387207,260.6090914044312,1,firms_viirs
39.71779,-120.12891,2026-07-18,0.4292,14687.5,2.3,38.0,1817.653930664,260.6090914044312,1,firms_viirs
39.71893,-120.1186,2026-07-18,0.3967,14702.499999999998,1.14,36.0,1804.34387207,260.6090914044312,1,firms_viirs
39.71911,-120.12416,2026-07-18,0.39630000000000004,14692.499999999998,1.14,36.0,1804.34387207,260.6090914044312,1,firms_viirs
39.71929,-120.12933,2026-07-18,0.3518,14687.5,2.3,38.0,1817.653930664,260.6090914044312,1,firms_viirs
39.72348,-120.1199,2026-07-18,0.3191,14727.499999999998,1.14,36.0,1804.34387207,260.6090914044312,1,firms_viirs
39.72369,-120.12525,2026-07-18,0.33890000000000003,14717.499999999998,1.14,36.0,1817.653930664,260.6090914044312,1,firms_viirs
39.72388,-120.13014,2026-07-18,0.3789,14697.5,1.14,36.0,1817.653930664,260.6090914044312,1,firms_viirs
39.7252,-120.12547,2026-07-18,0.33890000000000003,14722.5,1.14,36.0,1719.46875,260.6090914044312,1,firms_viirs
39.72536,-120.13033,2026-07-18,0.3841,14712.5,1.14,36.0,1719.46875,260.6090914044312,1,firms_viirs
39.72995,-120.13062,2026-07-18,0.2501,14707.499999999998,2.3,38.0,1719.46875,260.6090914044312,1,firms_viirs
32.49793,-116.83553,2026-07-19,0.0893,14792.499999999998,1.25,65.0,343.208129883,207.2276747725668,1,firms_viirs
36.35812,-114.9128,2026-07-19,0.0465,15292.499999999998,0.61,35.0,710.588867188,293.2572389246242,1,firms_viirs
34.15591,-118.19406,2026-07-19,0.1015,14707.499999999998,1.4,81.0,444.083343506,216.88664342520443,1,firms_viirs
34.24332,-118.38225,2026-07-19,0.1086,14757.499999999998,1.12,80.0,273.603515625,216.88664342520443,1,firms_viirs
34.33573,-118.52101,2026-07-19,0.1826,14667.499999999998,3.98,83.0,570.299316406,293.85481867724144,1,firms_viirs
34.60789,-117.33884,2026-07-19,0.0631,15117.499999999998,2.52,25.0,833.0,286.5762308666697,1,firms_viirs
34.67909,-114.30527,2026-07-19,0.08220000000000001,15422.5,4.16,27.0,395.541290283,338.26969084745446,1,firms_viirs
34.68858,-114.33813,2026-07-19,0.08030000000000001,15417.499999999998,4.46,27.0,381.267700195,338.26969084745446,1,firms_viirs
36.35741,-114.91378,2026-07-19,0.0386,15297.5,0.61,35.0,710.588867188,293.2572389246242,1,firms_viirs
37.55554,-120.78572,2026-07-19,0.5347000000000001,14737.5,3.64,57.0,42.089942932,371.3379597434622,1,firms_viirs
39.72815,-120.12704,2026-07-19,0.21960000000000002,14747.5,2.01,36.0,1719.46875,260.6090914044312,1,firms_viirs
39.72868,-120.12897,2026-07-19,0.2501,14732.499999999998,2.35,37.0,1719.46875,260.6090914044312,1,firms_viirs
36.3569,-114.91347,2026-07-20,0.0386,15287.5,1.8,38.0,710.588867188,287.12706382614795,1,firms_viirs
39.7239,-120.12721,2026-07-20,0.3841,14662.5,2.24,53.0,1817.653930664,261.0935819606699,1,firms_viirs
40.66035,-120.0976,2026-07-20,0.1787,14667.499999999998,1.02,33.0,1522.336425781,254.2069464646548,1,firms_viirs
40.82307,-114.25479,2026-07-20,0.038900000000000004,14912.5,8.7,36.0,1658.148681641,265.0816957702162,1,firms_viirs
41.47854,-115.81819,2026-07-20,0.19540000000000002,14587.5,1.72,83.0,1871.397338867,238.84647452642847,1,firms_viirs
32.49989,-116.78995,2026-07-20,0.1,14607.499999999998,1.72,79.0,202.669219971,210.26036775907224,1,firms_viirs
33.61209,-117.82321,2026-07-20,0.15480000000000002,14597.5,2.38,90.0,188.765197754,146.7666798920024,1,firms_viirs
33.71482,-117.70947,2026-07-20,0.1689,14642.499999999998,1.84,71.0,255.45703125,186.63318486329084,1,firms_viirs
33.71568,-117.71354,2026-07-20,0.1778,14632.499999999998,1.84,71.0,242.940872192,186.63318486329084,1,firms_viirs
34.15315,-118.19173,2026-07-20,0.1567,14637.5,1.3,71.0,404.0831604,222.28087495546455,1,firms_viirs
34.29179,-118.79964,2026-07-20,0.1479,14737.5,2.5,42.0,268.71282959,296.8060688459998,1,firms_viirs
36.93444,-118.242,2026-07-21,0.11130000000000001,14837.5,4.47,51.0,1188.856445312,233.95842500532385,1,firms_viirs
36.93772,-118.24119,2026-07-21,0.0994,14842.499999999998,4.47,51.0,1183.665039062,233.95842500532385,1,firms_viirs
36.93839,-118.24548,2026-07-21,0.1258,14837.5,4.47,51.0,1190.703491211,233.95842500532385,1,firms_viirs
36.94707,-118.27884,2026-07-21,0.1306,14817.499999999998,3.75,47.0,1307.888427734,233.95842500532385,1,firms_viirs
36.94775,-118.28311,2026-07-21,0.12290000000000001,14812.5,3.75,47.0,1307.888427734,233.95842500532385,1,firms_viirs
36.95036,-118.27803,2026-07-21,0.12350000000000001,14827.499999999998,3.75,47.0,1307.888427734,233.95842500532385,1,firms_viirs
36.95103,-118.2823,2026-07-21,0.1263,14812.5,3.75,47.0,1307.888427734,233.95842500532385,1,firms_viirs
36.95364,-118.27724,2026-07-21,0.1282,14827.499999999998,3.75,47.0,1307.888427734,233.95842500532385,1,firms_viirs
33.49245,-117.61961,2026-07-22,0.1385,14517.499999999998,1.0,91.0,184.713897705,211.17818060453482,1,firms_viirs
33.61197,-117.82429,2026-07-22,0.15480000000000002,14517.499999999998,0.32,91.0,188.765197754,166.43281976478627,1,firms_viirs
33.61554,-117.8237,2026-07-22,0.1391,14522.5,0.32,91.0,172.963394165,166.43281976478627,1,firms_viirs
33.71586,-117.70925,2026-07-22,0.1689,14572.5,0.5,94.0,242.940872192,211.17818060453482,1,firms_viirs
33.79259,-117.47385,2026-07-22,0.1262,14737.5,0.73,61.0,372.642791748,285.35013263075814,1,firms_viirs
33.87623,-116.99875,2026-07-22,0.1267,14752.499999999998,0.81,55.0,704.0,256.9765464524815,1,firms_viirs
33.93137,-117.83997,2026-07-22,0.1587,14577.499999999998,1.22,92.0,239.195861816,236.22124827510626,1,firms_viirs
33.93352,-117.84179,2026-07-22,0.1587,14562.5,1.22,92.0,239.195861816,236.22124827510626,1,firms_viirs
33.95433,-117.12201,2026-07-22,0.1211,14707.499999999998,0.28,63.0,706.964416504,256.9765464524815,1,firms_viirs
34.03699,-118.10609,2026-07-22,0.0497,14622.5,0.91,85.0,121.309242249,236.22124827510626,1,firms_viirs
33.71632,-117.71136,2026-07-24,0.1515,14637.5,0.92,90.0,242.940872192,214.9208416854797,1,firms_viirs
33.8517,-118.33363,2026-07-24,0.0618,14647.5,1.88,87.0,19.845098495,241.98309190800742,1,firms_viirs
34.33594,-118.52087,2026-07-24,0.1826,14797.5,0.81,53.0,570.299316406,314.8062475433158,1,firms_viirs
34.60707,-117.33828,2026-07-24,0.1042,14997.5,2.61,31.0,833.0,302.3940619610995,1,firms_viirs
34.60947,-117.33922,2026-07-24,0.08850000000000001,15007.499999999998,2.61,31.0,833.0,302.3940619610995,1,firms_viirs
35.14268,-114.08902,2026-07-24,0.042100000000000005,15292.499999999998,3.36,27.0,897.706420898,299.50567494549557,1,firms_viirs
35.14305,-114.08854,2026-07-24,0.042100000000000005,15292.499999999998,3.36,27.0,897.706420898,299.50567494549557,1,firms_viirs
36.41052,-119.71524,2026-07-24,0.4685,14727.499999999998,4.07,47.0,74.736022949,405.9601585049577,1,firms_viirs
36.68513,-119.70654,2026-07-24,0.5062,14832.499999999998,3.77,41.0,93.554679871,405.9601585049577,1,firms_viirs
36.68607,-119.70982,2026-07-24,0.2772,14832.499999999998,3.77,41.0,93.554679871,405.9601585049577,1,firms_viirs
36.9563,-118.35747,2026-07-24,0.3658,14592.499999999998,0.81,36.0,2460.993164062,233.9799718696571,1,firms_viirs
41.30663,-114.34132,2026-07-25,0.1665,14647.5,3.24,40.0,2087.917480469,240.09763544916518,1,firms_viirs
40.82115,-114.25365,2026-07-25,0.030600000000000002,14827.499999999998,2.66,33.0,1658.148681641,252.11259055713967,1,firms_viirs
32.37384,-115.05873,2026-07-25,0.14500000000000002,15272.5,5.15,53.0,17.997776031,415.3678133888565,1,firms_viirs
32.54136,-115.35352,2026-07-25,0.10250000000000001,15372.5,1.65,34.0,11.0,408.2615725898266,1,firms_viirs
33.71569,-117.71069,2026-07-25,0.1689,14677.499999999998,2.75,86.0,242.940872192,217.97497059472047,1,firms_viirs
33.79123,-117.47372,2026-07-25,0.1385,14727.499999999998,0.45,84.0,372.642791748,297.57759614151973,1,firms_viirs
34.14064,-117.42924,2026-07-25,0.08170000000000001,14777.499999999998,2.0,69.0,507.990783691,297.57759614151973,1,firms_viirs
34.15328,-118.19273,2026-07-25,0.13720000000000002,14607.499999999998,1.58,79.0,404.0831604,246.0768244311316,1,firms_viirs
34.60622,-117.33784,2026-07-25,0.0631,14927.499999999998,2.8,39.0,833.0,305.3618282998977,1,firms_viirs
34.62078,-117.10221,2026-07-25,0.0785,14892.499999999998,4.9,39.0,1100.735595703,265.0285125492684,1,firms_viirs
37.40914,-115.71694,2026-07-26,0.2131,14697.5,2.8,31.0,2200.239501953,233.9365945990478,1,firms_viirs
37.41267,-115.71578,2026-07-26,0.2101,14787.5,3.55,29.0,2200.239501953,233.9365945990478,1,firms_viirs
37.4146,-115.68686,2026-07-26,0.155,14907.499999999998,5.92,26.0,1836.135253906,233.9365945990478,1,firms_viirs
37.41611,-115.67518,2026-07-26,0.1306,14937.5,6.52,26.0,1777.678466797,233.9365945990478,1,firms_viirs
37.41621,-115.71476,2026-07-26,0.2218,14787.5,3.55,29.0,2047.263305664,233.9365945990478,1,firms_viirs
37.41712,-115.68047,2026-07-26,0.1461,14927.499999999998,6.52,26.0,1777.678466797,233.9365945990478,1,firms_viirs
37.41729,-115.7204,2026-07-26,0.2172,14697.5,2.7,31.0,2165.526123047,233.9365945990478,1,firms_viirs
37.41814,-115.68575,2026-07-26,0.1511,14912.5,5.92,26.0,1838.252319336,233.9365945990478,1,firms_viirs
37.41869,-115.70816,2026-07-26,0.17880000000000001,14842.499999999998,5.87,27.0,2047.263305664,233.9365945990478,1,firms_viirs
37.41916,-115.69106,2026-07-26,0.1642,14877.499999999998,5.87,27.0,1838.252319336,233.9365945990478,1,firms_viirs
37.40491,-121.48572,2026-07-27,0.2142,14567.499999999998,3.52,23.0,704.083374023,369.85685576561093,1,firms_viirs
37.40802,-121.48621,2026-07-27,0.19310000000000002,14662.5,3.05,17.0,773.034912109,369.85685576561093,1,firms_viirs
37.4085,-121.49088,2026-07-27,0.1839,14562.5,3.52,23.0,773.034912109,369.85685576561093,1,firms_viirs
37.40947,-121.48948,2026-07-27,0.1988,14662.5,3.05,17.0,773.034912109,369.85685576561093,1,firms_viirs
37.40991,-121.49403,2026-07-27,0.1839,14557.499999999998,3.52,23.0,773.034912109,369.85685576561093,1,firms_viirs
37.45649,-121.9328,2026-07-27,0.09240000000000001,14382.499999999998,3.06,99.0,4.845137119,286.09227192031983,1,firms_viirs
37.78861,-121.30786,2026-07-27,0.17650000000000002,14412.5,2.37,70.0,3.0,354.33174367932605,1,firms_viirs
38.32279,-121.24732,2026-07-28,0.06119284646875623,14492.499999999998,2.59,66.0,20.268575668,389.4680004059894,1,firms_viirs
38.32306,-121.25154,2026-07-28,0.06120279524881432,14492.499999999998,2.59,66.0,20.268575668,389.4680004059894,1,firms_viirs
38.32512,-121.24795,2026-07-28,0.06118014861507219,14492.499999999998,2.59,66.0,21.468866348,389.4680004059894,1,firms_viirs
39.61225,-117.49187,2026-07-28,0.02815686013243996,14602.499999999998,5.26,15.0,2129.962646484,232.45497701083994,1,firms_viirs
39.61279,-117.4979,2026-07-28,0.028157533602672175,14607.499999999998,5.26,15.0,2112.215332031,232.45497701083994,1,firms_viirs
39.61336,-117.50424,2026-07-28,0.028158316806598773,14642.499999999998,3.79,13.0,2112.215332031,232.45497701083994,1,firms_viirs
39.61393,-117.5106,2026-07-28,0.028159164204260925,14667.499999999998,3.79,13.0,1968.815185547,232.45497701083994,1,firms_viirs
39.61447,-117.51675,2026-07-28,0.02816000504090265,14682.499999999998,3.79,13.0,1940.021728516,232.45497701083994,1,firms_viirs
39.61705,-119.26505,2026-07-28,0.0332354817487966,14632.499999999998,3.8,23.0,1262.704711914,238.65238863016964,1,firms_viirs
39.61714,-117.49659,2026-07-28,0.028175058685555237,14537.5,5.26,15.0,2345.118896484,232.45497701083994,1,firms_viirs
39.6177,-117.50286,2026-07-28,0.028175867989163664,14582.499999999998,5.26,15.0,2345.118896484,232.45497701083994,1,firms_viirs
39.58519,-117.42088,2026-07-30,0.1509,14562.5,1.91,11.0,2058.351074219,241.07734660971238,1,firms_viirs
39.58526,-117.42968,2026-07-30,0.1524,14567.499999999998,1.91,11.0,2018.688598633,241.07734660971238,1,firms_viirs
39.58532,-117.4381,2026-07-30,0.1451,14557.499999999998,1.91,11.0,2056.702636719,241.07734660971238,1,firms_viirs
39.58702,-117.42136,2026-07-30,0.1509,14557.499999999998,1.91,11.0,2058.351074219,241.07734660971238,1,firms_viirs
39.58705,-117.43016,2026-07-30,0.1573,14562.5,1.91,11.0,2018.688598633,241.07734660971238,1,firms_viirs
39.58708,-117.4387,2026-07-30,0.1811,14552.499999999998,1.91,11.0,2056.702636719,241.07734660971238,1,firms_viirs
39.59237,-117.42021,2026-07-30,0.163,14547.5,3.48,11.0,2058.351074219,241.07734660971238,1,firms_viirs
39.59244,-117.42873,2026-07-30,0.1337,14557.499999999998,1.91,11.0,2018.688598633,241.07734660971238,1,firms_viirs
39.59251,-117.43728,2026-07-30,0.1648,14547.5,1.91,11.0,2056.702636719,241.07734660971238,1,firms_viirs
39.59421,-117.42071,2026-07-30,0.1615,14562.5,3.48,11.0,2058.351074219,241.07734660971238,1,firms_viirs
39.59423,-117.42915,2026-07-30,0.14650000000000002,14542.499999999998,1.91,11.0,2018.688598633,241.07734660971238,1,firms_viirs
39.58191,-117.42856,2026-07-31,0.16790000000000002,14752.499999999998,3.41,10.0,2024.571899414,244.22426582583472,1,firms_viirs
39.58284,-117.43355,2026-07-31,0.16620000000000001,14737.5,3.41,10.0,2024.571899414,244.22426582583472,1,firms_viirs
39.58627,-117.4325,2026-07-31,0.1524,14747.5,3.41,10.0,2018.688598633,241.07734660971238,1,firms_viirs
39.60473,-117.39572,2026-07-31,0.1628,14722.5,2.62,10.0,2069.954101562,244.22426582583472,1,firms_viirs
39.60816,-117.39468,2026-07-31,0.1585,14722.5,2.62,10.0,2062.428222656,244.22426582583472,1,firms_viirs
39.60908,-117.3996,2026-07-31,0.1381,14717.499999999998,2.62,10.0,2083.651123047,244.22426582583472,1,firms_viirs
39.60932,-117.49789,2026-07-31,0.14780000000000001,14727.499999999998,3.85,10.0,2112.215332031,244.22426582583472,1,firms_viirs
39.6102,-117.5026,2026-07-31,0.1555,14727.499999999998,2.6,10.0,2112.215332031,244.22426582583472,1,firms_viirs
39.61159,-117.39365,2026-07-31,0.1439,14717.499999999998,2.62,10.0,2062.428222656,244.22426582583472,1,firms_viirs
39.61188,-117.49223,2026-07-31,0.1559,14707.499999999998,3.35,11.0,2129.962646484,244.22426582583472,1,firms_viirs
39.13659,-114.88102,2026-08-02,0.2064,14517.499999999998,0.94,15.0,2272.544677734,234.60370728020982,1,firms_viirs
39.13723,-114.88606,2026-08-02,0.2584,14592.499999999998,3.41,14.0,2312.279785156,234.60370728020982,1,firms_viirs
39.13784,-114.89094,2026-08-02,0.32280000000000003,14582.499999999998,3.41,14.0,2312.279785156,234.60370728020982,1,firms_viirs
39.13845,-114.89572,2026-08-02,0.3743,14552.499999999998,3.41,14.0,2462.400634766,234.60370728020982,1,firms_viirs
39.13906,-114.9006,2026-08-02,0.2742,14517.499999999998,3.41,14.0,2462.400634766,234.60370728020982,1,firms_viirs
39.13952,-114.87528,2026-08-02,0.224,14507.499999999998,0.94,15.0,2272.544677734,234.60370728020982,1,firms_viirs
39.13968,-114.90552,2026-08-02,0.1957,14537.5,3.41,14.0,2477.361572266,234.60370728020982,1,firms_viirs
39.14016,-114.88036,2026-08-02,0.1956,14532.499999999998,0.94,15.0,2272.544677734,234.60370728020982,1,firms_viirs
39.1403,-114.9105,2026-08-02,0.23670000000000002,14537.5,3.41,14.0,2477.361572266,234.60370728020982,1,firms_viirs
39.1408,-114.88542,2026-08-02,0.3246,14602.499999999998,3.41,14.0,2312.279785156,234.60370728020982,1,firms_viirs
39.14142,-114.89035,2026-08-02,0.224,14587.5,3.41,14.0,2312.279785156,234.60370728020982,1,firms_viirs
32.11296,-115.02921,2026-08-04,0.10350000000000001,15167.499999999998,6.02,67.0,10.0,413.32861154818386,1,firms_viirs
32.50871,-115.34658,2026-08-04,0.0526,15152.499999999998,3.64,69.0,7.992646217,426.60701874079876,1,firms_viirs
34.50761,-118.03166,2026-08-04,0.19240000000000002,15017.499999999998,6.37,18.0,960.052734375,365.47391566966894,1,firms_viirs
34.50888,-118.02697,2026-08-04,0.16240000000000002,15032.499999999998,6.37,18.0,960.052734375,365.47391566966894,1,firms_viirs
34.5132,-118.03395,2026-08-04,0.1544,15022.5,6.37,18.0,960.052734375,365.47391566966894,1,firms_viirs
34.51442,-118.02944,2026-08-04,0.1532,15032.499999999998,6.37,18.0,960.052734375,365.47391566966894,1,firms_viirs
37.24543,-116.03218,2026-08-04,0.13470000000000001,14852.499999999998,2.56,10.0,1652.095214844,310.90512766839026,1,firms_viirs
37.25015,-116.03415,2026-08-04,0.1189,14822.5,1.43,10.0,1652.095214844,310.90512766839026,1,firms_viirs
38.07542,-120.69653,2026-08-04,0.25,14802.499999999998,5.11,31.0,635.0,401.14909845043445,1,firms_viirs
38.07868,-120.6852,2026-08-04,0.3503,14572.5,2.9,43.0,570.604431152,401.14909845043445,1,firms_viirs
40.82283,-114.25947,2026-08-05,0.0345,14777.499999999998,2.62,11.0,1697.126098633,302.9660026383754,1,firms_viirs
36.35682,-114.91688,2026-08-05,0.058600000000000006,15277.499999999998,8.2,32.0,748.706604004,328.21126758073217,1,firms_viirs
36.35694,-114.91171,2026-08-05,0.0499,15262.5,8.2,32.0,710.588867188,328.21126758073217,1,firms_viirs
40.8218,-114.25738,2026-08-05,0.025,14737.5,3.66,12.0,1697.126098633,302.9660026383754,1,firms_viirs
32.45194,-116.81659,2026-08-05,0.0658,14652.499999999998,1.51,94.0,152.887664795,253.25152678457818,1,firms_viirs
32.45233,-116.81796,2026-08-05,0.0658,14652.499999999998,1.51,94.0,152.887664795,253.25152678457818,1,firms_viirs
32.85702,-117.02846,2026-08-05,0.1446,14642.499999999998,1.91,85.0,157.263442993,321.43018638615894,1,firms_viirs
33.61192,-117.82406,2026-08-05,0.1824,14637.5,0.98,91.0,188.765197754,181.78275586773424,1,firms_viirs
33.71537,-117.7103,2026-08-05,0.16140000000000002,14632.499999999998,0.98,99.0,242.940872192,245.7740716705831,1,firms_viirs
33.79322,-117.47643,2026-08-05,0.112,14587.5,0.92,88.0,372.839477539,349.6405652761906,1,firms_viirs
38.14785,-120.75179,2026-08-06,0.3022,14727.499999999998,0.81,35.0,350.689544678,409.18784075094834,1,firms_viirs
38.15266,-120.76099,2026-08-06,0.35950000000000004,14767.499999999998,3.16,34.0,333.346557617,409.18784075094834,1,firms_viirs
38.15305,-120.7593,2026-08-06,0.318,14772.5,3.16,34.0,333.346557617,409.18784075094834,1,firms_viirs
38.3135,-121.83325,2026-08-06,0.2636,14497.5,8.45,76.0,11.43374157,415.6054007388419,1,firms_viirs
39.12286,-114.91319,2026-08-06,0.3765,14582.499999999998,6.63,26.0,2569.299316406,247.58601338410554,1,firms_viirs
39.14838,-114.93633,2026-08-06,0.38920000000000005,14487.5,8.07,25.0,2950.628173828,247.58601338410554,1,firms_viirs
39.15084,-114.93028,2026-08-06,0.3085,14602.499999999998,8.66,21.0,2771.290527344,247.58601338410554,1,firms_viirs
39.15172,-114.93517,2026-08-06,0.33990000000000004,14577.499999999998,8.66,21.0,2950.628173828,247.58601338410554,1,firms_viirs
39.61313,-117.50827,2026-08-06,0.1432,14842.499999999998,2.0,12.0,1968.815185547,258.3075497963209,1,firms_viirs
39.61641,-117.50741,2026-08-06,0.12990000000000002,14847.5,2.0,12.0,2027.380737305,258.3075497963209,1,firms_viirs
34.60734,-117.33911,2026-08-07,0.0596,14977.499999999998,1.9,39.0,833.0,361.2507994757152,1,firms_viirs
34.62266,-117.10179,2026-08-07,0.0695,14907.499999999998,1.63,33.0,1100.735595703,321.83189186019337,1,firms_viirs
34.78957,-118.49213,2026-08-07,0.1792,15067.499999999998,6.43,19.0,837.742919922,377.1810981347156,1,firms_viirs
36.35776,-114.90904,2026-08-07,0.053700000000000005,15337.5,1.17,17.0,710.588867188,334.81856281137493,1,firms_viirs
36.38384,-114.87621,2026-08-07,0.07680000000000001,15382.499999999998,1.63,16.0,687.241027832,334.81856281137493,1,firms_viirs
36.40883,-114.96253,2026-08-07,0.0524,15337.5,1.02,16.0,763.596984863,334.81856281137493,1,firms_viirs
37.25602,-116.16481,2026-08-07,0.201,14767.499999999998,2.01,31.0,1942.978515625,269.261691618302,1,firms_viirs
37.25664,-116.16947,2026-08-07,0.162,14752.499999999998,2.01,31.0,2005.795898438,269.261691618302,1,firms_viirs
37.25726,-116.17411,2026-08-07,0.17750000000000002,14737.5,2.01,31.0,2005.795898438,269.261691618302,1,firms_viirs
32.49702,-116.83603,2026-08-08,0.07490000000000001,14627.499999999998,0.67,81.0,343.208129883,255.8653119344138,1,firms_viirs
32.50461,-116.74408,2026-08-08,0.08900000000000001,14652.499999999998,1.0,74.0,356.336456299,255.8653119344138,1,firms_viirs
32.54276,-114.89916,2026-08-08,0.27140000000000003,15352.499999999998,4.43,43.0,33.635410309,427.411608314701,1,firms_viirs
32.85785,-117.14733,2026-08-08,0.1583,14642.499999999998,0.41,93.0,131.767929077,325.414925076844,1,firms_viirs
33.40105,-117.39619,2026-08-08,0.22210000000000002,14777.499999999998,2.78,54.0,504.0,247.9342295233309,1,firms_viirs
33.40543,-117.39477,2026-08-08,0.2854,14792.499999999998,2.78,54.0,519.175170898,247.9342295233309,1,firms_viirs
33.61237,-117.82368,2026-08-08,0.1824,14622.5,1.3,80.0,188.765197754,183.34025491432587,1,firms_viirs
34.60981,-117.3388,2026-08-09,0.0437,15012.5,3.38,31.0,833.0,363.04850171780447,1,firms_viirs
34.62034,-117.10224,2026-08-09,0.0716,14937.5,2.5,31.0,1100.735595703,323.9587267309481,1,firms_viirs
35.7615,-120.19912,2026-08-09,0.1303,14822.5,5.6,29.0,608.885192871,441.5451622422746,1,firms_viirs
35.7617,-120.20917,2026-08-09,0.13470000000000001,14702.499999999998,2.91,34.0,530.208557129,441.5451622422746,1,firms_viirs
35.76241,-120.20132,2026-08-09,0.1206,14807.499999999998,5.6,29.0,608.885192871,441.5451622422746,1,firms_viirs
35.77538,-120.19849,2026-08-09,0.1231,14762.5,4.84,33.0,625.390258789,441.5451622422746,1,firms_viirs
36.35536,-114.91297,2026-08-09,0.0422,15272.5,1.24,22.0,710.588867188,336.7457843008718,1,firms_viirs
37.23181,-116.18159,2026-08-09,0.17980000000000002,14752.499999999998,2.79,27.0,2083.451660156,323.0008043265215,1,firms_viirs
37.2375,-116.18102,2026-08-09,0.2028,14752.499999999998,2.79,27.0,2105.895751953,323.0008043265215,1,firms_viirs
37.23771,-116.1851,2026-08-09,0.19360000000000002,14742.499999999998,2.79,27.0,2133.344726562,323.0008043265215,1,firms_viirs
40.8192,-114.25648,2026-08-10,0.0472,14902.499999999998,8.78,27.0,1697.126098633,309.6862606821246,1,firms_viirs
36.35946,-114.91335,2026-08-10,0.027600000000000003,15222.5,1.49,28.0,710.588867188,337.13779273178903,1,firms_viirs
37.23698,-116.17319,2026-08-10,0.1612,14687.5,1.41,32.0,2000.16809082,323.8931320160629,1,firms_viirs
37.23708,-116.18002,2026-08-10,0.2028,14642.499999999998,2.35,35.0,2105.895751953,323.0008043265215,1,firms_viirs
37.23862,-116.17587,2026-08-10,0.1612,14677.499999999998,1.41,32.0,2105.895751953,323.0008043265215,1,firms_viirs
34.15185,-118.19403,2026-08-10,0.24830000000000002,14592.499999999998,0.82,74.0,404.0831604,288.5245583530266,1,firms_viirs
34.33405,-118.51962,2026-08-10,0.115,14767.499999999998,2.39,41.0,581.314941406,372.4360354763475,1,firms_viirs
34.60785,-117.3356,2026-08-10,0.0487,14982.499999999998,2.55,32.0,833.0,363.3933365336683,1,firms_viirs
34.60968,-117.33761,2026-08-10,0.0437,14982.499999999998,2.55,32.0,833.0,363.3933365336683,1,firms_viirs
36.20684,-121.719,2026-08-10,0.23420000000000002,14417.499999999998,1.56,66.0,523.017456055,145.63245833410912,1,firms_viirs
39.61844,-119.26164,2026-08-11,0.0531,14657.499999999998,0.76,45.0,1260.522949219,278.81772612557086,1,firms_viirs
39.73359,-119.97363,2026-08-11,0.18100000000000002,14512.5,4.69,23.0,2003.956298828,327.42468985941076,1,firms_viirs
39.73424,-119.97803,2026-08-11,0.1782,14487.5,4.69,23.0,2064.0,327.42468985941076,1,firms_viirs
39.73584,-119.97483,2026-08-11,0.18610000000000002,14507.499999999998,4.69,23.0,2002.0,327.42468985941076,1,firms_viirs
39.73914,-119.97401,2026-08-11,0.191,14532.499999999998,4.69,23.0,2002.0,327.42468985941076,1,firms_viirs
39.7398,-119.97839,2026-08-11,0.1605,14392.499999999998,3.64,25.0,2120.125244141,327.42468985941076,1,firms_viirs
39.74376,-119.98207,2026-08-11,0.1557,14392.499999999998,3.64,25.0,2120.125244141,327.42468985941076,1,firms_viirs
39.74706,-119.98118,2026-08-11,0.1542,14382.499999999998,3.64,25.0,2134.0,327.42468985941076,1,firms_viirs
36.35876,-114.91262,2026-08-12,0.027600000000000003,14867.499999999998,1.49,62.0,710.588867188,337.638955098726,1,firms_viirs
37.45514,-121.93488,2026-08-12,0.2155,14397.5,1.65,87.0,4.845137119,322.3544497869551,1,firms_viirs
37.45548,-121.93269,2026-08-12,0.18380000000000002,14402.499999999998,1.65,87.0,4.845137119,322.3544497869551,1,firms_viirs
38.01636,-122.11515,2026-08-12,0.051300000000000005,14332.499999999998,1.93,88.0,23.792646408,314.8134058364277,1,firms_viirs
38.20774,-121.39236,2026-08-12,0.398,14437.5,1.41,82.0,5.404952049,395.8195505823824,1,firms_viirs
38.40823,-119.83403,2026-08-12,0.2597,14172.5,3.01,68.0,2504.915039062,330.75077433487127,1,firms_viirs
38.40889,-119.84008,2026-08-12,0.3402,14237.5,2.8,61.0,2472.838378906,330.75077433487127,1,firms_viirs
38.41058,-119.83438,2026-08-12,0.2707,14252.499999999998,2.8,61.0,2504.915039062,330.75077433487127,1,firms_viirs
38.41127,-119.84037,2026-08-12,0.3063,14257.499999999998,2.8,61.0,2472.838378906,330.75077433487127,1,firms_viirs
38.41211,-119.834,2026-08-12,0.3309,14262.5,2.8,61.0,2504.915039062,330.75077433487127,1,firms_viirs
38.41277,-119.83994,2026-08-12,0.43670000000000003,14282.499999999998,2.8,61.0,2472.838378906,330.75077433487127,1,firms_viirs
39.81591,-120.00848,2026-08-13,0.04143234559399544,14432.499999999998,1.5,54.0,1616.857543945,320.00073397659145,1,firms_viirs
39.81874,-119.99987,2026-08-13,0.041336473757688875,14407.499999999998,1.5,54.0,1670.469482422,320.00073397659145,1,firms_viirs
39.81905,-120.00494,2026-08-13,0.041391450494278545,14427.499999999998,1.5,54.0,1670.469482422,320.00073397659145,1,firms_viirs
39.81933,-120.0095,2026-08-13,0.04144089879751649,14432.499999999998,2.04,55.0,1616.857543945,320.00073397659145,1,firms_viirs
39.82033,-119.99805,2026-08-13,0.04131562765399854,14347.5,3.62,60.0,1670.469482422,320.00073397659145,1,firms_viirs
39.82068,-120.00327,2026-08-13,0.041372115128693224,14412.5,1.5,54.0,1670.469482422,320.00073397659145,1,firms_viirs
39.821,-120.00801,2026-08-13,0.04142340695485212,14432.499999999998,2.04,55.0,1616.857543945,320.00073397659145,1,firms_viirs
39.82379,-119.9988,2026-08-13,0.04132143565760833,14347.5,3.62,60.0,1670.469482422,320.00073397659145,1,firms_viirs
39.82412,-120.00417,2026-08-13,0.04137937805122955,14422.5,1.5,54.0,1670.469482422,320.00073397659145,1,firms_viirs
39.84096,-120.02809,2026-08-13,0.04162154026315012,14442.499999999998,2.26,58.0,1502.930786133,320.00073397659145,1,firms_viirs
39.87003,-120.00166,2026-08-13,0.041313033286992235,14337.5,3.72,59.0,1715.234130859,320.00073397659145,1,firms_viirs
36.69369,-120.58247,2026-08-14,0.03601561208725096,14547.5,2.18,71.0,107.258094788,444.8189992208216,1,firms_viirs
34.14117,-117.42821,2026-08-14,0.03213313022803217,14582.499999999998,1.41,79.0,507.990783691,347.7372717063022,1,firms_viirs
34.81939,-118.7513,2026-08-14,0.010269774731378155,14502.499999999998,3.18,53.0,1076.0,369.2599386167601,1,firms_viirs
40.82405,-114.25735,2026-08-14,0.031134674793466446,14477.499999999998,4.97,48.0,1697.126098633,302.41662127226675,1,firms_viirs
41.09451,-123.65204,2026-08-14,0.0010080450579315356,14222.5,2.06,81.0,880.299743652,413.2842789740373,1,firms_viirs
41.09571,-123.65769,2026-08-14,0.0010446283590908403,14287.5,1.8,80.0,596.624511719,413.2842789740373,1,firms_viirs
41.09704,-123.64488,2026-08-14,0.0009491227948469727,14202.499999999998,0.32,88.0,825.608398438,413.2842789740373,1,firms_viirs
41.10071,-123.64302,2026-08-14,0.0009242587412422516,14237.5,1.08,87.0,825.608398438,413.2842789740373,1,firms_viirs
41.10183,-123.64832,2026-08-14,0.0009575021610936916,14282.499999999998,1.8,80.0,602.702270508,413.2842789740373,1,firms_viirs
41.10411,-123.65906,2026-08-14,0.0010271828962549615,14412.5,1.42,76.0,596.624511719,413.2842789740373,1,firms_viirs
41.10666,-123.65195,2026-08-14,0.000968156137941174,14417.499999999998,1.42,76.0,357.039733887,413.2842789740373,1,firms_viirs
41.10788,-123.65771,2026-08-14,0.0010058393349347268,14452.499999999998,1.42,76.0,188.149078369,413.2842789740373,1,firms_viirs
34.60499,-117.33759,2026-08-15,0.029114811217060454,14742.499999999998,2.28,33.0,818.150817871,349.1169286870698,1,firms_viirs
34.60963,-117.34131,2026-08-15,0.029077307686970477,14747.5,2.28,33.0,833.0,349.1169286870698,1,firms_viirs
36.35526,-114.91525,2026-08-15,0.029479105605470686,14992.499999999998,1.21,29.0,748.706604004,314.3554775717603,1,firms_viirs
36.19786,-121.70635,2026-08-15,0.05667644352235445,14327.499999999998,0.81,71.0,331.204742432,145.4119501490353,1,firms_viirs
36.20063,-121.70081,2026-08-15,0.056627302322400055,14472.5,0.81,45.0,605.012084961,145.4119501490353,1,firms_viirs
36.20161,-121.70576,2026-08-15,0.056751764824800266,14322.5,0.81,71.0,331.204742432,145.4119501490353,1,firms_viirs
36.20261,-121.71082,2026-08-15,0.05687885875586511,14322.5,0.81,71.0,331.204742432,145.4119501490353,1,firms_viirs
36.24236,-121.71621,2026-08-15,0.05793103267255093,14462.5,0.45,53.0,382.79510498,145.4119501490353,1,firms_viirs
36.24343,-121.72169,2026-08-15,0.058071373784911735,14407.499999999998,0.45,53.0,382.79510498,145.4119501490353,1,firms_viirs
36.24558,-121.73267,2026-08-15,0.05835231890941787,14422.5,0.45,53.0,477.105316162,145.4119501490353,1,firms_viirs
36.24704,-121.72039,2026-08-15,0.05813084331996049,14477.499999999998,0.45,53.0,378.654510498,145.4119501490353,1,firms_viirs
40.93941,-117.86344,2026-08-16,0.03240464071928942,14647.5,0.72,30.0,1311.436401367,304.27675194342976,1,firms_viirs
40.93974,-117.8612,2026-08-16,0.032401584886508385,14647.5,0.72,30.0,1311.436401367,304.27675194342976,1,firms_viirs
32.49523,-116.83234,2026-08-16,0.047172808983181116,14607.499999999998,1.72,98.0,284.704498291,258.37522316426697,1,firms_viirs
32.49604,-116.83633,2026-08-16,0.047161126348226355,14602.499999999998,1.72,98.0,343.208129883,258.37522316426697,1,firms_viirs
32.49953,-116.79208,2026-08-16,0.04738560853752914,14637.5,0.85,99.0,202.669219971,258.37522316426697,1,firms_viirs
32.50014,-116.78947,2026-08-16,0.04740100245434524,14627.499999999998,0.85,99.0,202.669219971,258.37522316426697,1,firms_viirs
33.491,-117.61956,2026-08-16,0.03456834984113555,14577.499999999998,1.79,91.0,184.713897705,250.4915020460122,1,firms_viirs
33.61383,-117.82531,2026-08-16,0.034452950867421075,14577.499999999998,0.85,96.0,171.205062866,189.33762351742382,1,firms_viirs
33.71696,-117.71151,2026-08-16,0.034522040590917444,14592.499999999998,0.81,97.0,242.940872192,250.4915020460122,1,firms_viirs
33.77774,-118.23744,2026-08-16,0.036162153994122356,14637.5,1.44,92.0,2.527592182,284.02261071233045,1,firms_viirs
33.79486,-117.473,2026-08-16,0.0339341583541285,14702.499999999998,1.26,51.0,372.642791748,334.1407378016484,1,firms_viirs
33.85283,-118.33288,2026-08-16,0.035702971074559775,14562.5,1.12,89.0,19.845098495,284.02261071233045,1,firms_viirs
39.76466,-117.56461,2026-08-17,0.1005,14702.499999999998,5.19,21.0,1799.598388672,283.91161811862634,1,firms_viirs
39.768,-117.56369,2026-08-17,0.10160000000000001,14702.499999999998,5.19,21.0,1829.360595703,283.91161811862634,1,firms_viirs
39.76864,-117.56824,2026-08-17,0.12140000000000001,14682.499999999998,5.19,21.0,1898.454101562,283.91161811862634,1,firms_viirs
39.76929,-117.57281,2026-08-17,0.1373,14662.5,5.19,21.0,1898.454101562,283.91161811862634,1,firms_viirs
39.76994,-117.5774,2026-08-17,0.10990000000000001,14657.499999999998,5.19,21.0,1975.998657227,283.91161811862634,1,firms_viirs
39.7706,-117.58209,2026-08-17,0.1068,14607.499999999998,3.61,23.0,1975.998657227,283.91161811862634,1,firms_viirs
39.77134,-117.56279,2026-08-17,0.1087,14682.499999999998,5.19,21.0,1829.360595703,283.91161811862634,1,firms_viirs
39.77199,-117.56735,2026-08-17,0.11230000000000001,14672.5,5.19,21.0,1898.454101562,283.91161811862634,1,firms_viirs
39.77264,-117.57194,2026-08-17,0.1077,14607.499999999998,3.61,23.0,1898.454101562,283.91161811862634,1,firms_viirs
39.77329,-117.57657,2026-08-17,0.1081,14607.499999999998,3.61,23.0,1975.998657227,283.91161811862634,1,firms_viirs
39.77395,-117.58128,2026-08-17,0.1125,14617.499999999998,2.02,21.0,1975.998657227,283.91161811862634,1,firms_viirs
40.82183,-114.25381,2026-08-18,0.0351,14822.5,4.83,19.0,1658.148681641,287.0165417736945,1,firms_viirs
41.10827,-123.64208,2026-08-18,0.32170000000000004,14557.499999999998,2.46,42.0,542.84362793,397.6988580824447,1,firms_viirs
41.1243,-123.6143,2026-08-18,0.4418,14562.5,0.63,41.0,525.303405762,397.6988580824447,1,firms_viirs
41.12576,-123.6166,2026-08-18,0.46080000000000004,14547.5,0.63,41.0,600.265258789,397.6988580824447,1,firms_viirs
41.13797,-123.63416,2026-08-18,0.37360000000000004,14607.499999999998,1.9,32.0,966.74017334,397.6988580824447,1,firms_viirs
41.14243,-123.634,2026-08-18,0.3924,14582.499999999998,1.56,31.0,966.74017334,397.6988580824447,1,firms_viirs
34.60831,-117.33574,2026-08-18,0.0453,14927.499999999998,2.92,24.0,833.0,331.5639686879859,1,firms_viirs
34.62288,-117.10079,2026-08-18,0.0584,14872.5,2.56,24.0,1100.735595703,295.2864141118946,1,firms_viirs
36.35866,-114.91101,2026-08-18,0.0505,15217.499999999998,4.08,20.0,710.588867188,312.5475068000682,1,firms_viirs
36.38264,-114.87676,2026-08-18,0.0941,15297.5,4.94,18.0,687.241027832,312.5475068000682,1,firms_viirs
